product_id,product_name,category_id,brand_id,stock,last_restock
PR00001,Garlic Oil - Vegetarian Capsule 500 mg,CA00001,BR00001,11262,2026-03-07 17:36:20
PR00002,Water Bottle - Orange,CA00002,BR00002,9433,2026-03-05 17:36:20
PR00003,"Brass Angle Deep - Plain, No.2",CA00003,BR00003,15948,2026-03-13 17:36:20
PR00004,Cereal Flip Lid Container/Storage Jar - Assorted Colour,CA00003,BR00004,11565,2026-03-09 17:36:20
PR00005,Creme Soft Soap - For Hands & Body,CA00001,BR00005,9077,2026-03-11 17:36:20
PR00006,Germ - Removal Multipurpose Wipes,CA00003,BR00006,14491,2026-03-08 17:36:20
PR00007,Multani Mati,CA00001,BR00007,15881,2026-03-14 17:36:20
PR00008,Hand Sanitizer - 70% Alcohol Base,CA00001,BR00008,10305,2026-03-05 17:36:20
PR00009,Biotin & Collagen Volumizing Hair Shampoo + Biotin & Collagen Hair Conditioner,CA00001,BR00009,13291,2026-03-10 17:36:20
PR00010,"Scrub Pad - Anti- Bacterial, Regular",CA00003,BR00010,12504,2026-03-10 17:36:20
PR00011,Wheat Grass Powder - Raw,CA00004,BR00011,4425,2026-02-17 17:36:20
PR00012,Butter Cookies Gold Collection,CA00004,BR00012,3206,2026-02-25 17:36:20
PR00013,"Face Wash - Oil Control, Active",CA00001,BR00013,6319,2026-03-05 17:36:20
PR00014,Mold & Mildew Remover with Bleach,CA00003,BR00014,7546,2026-03-09 17:36:20
PR00015,Just Spray - Mosquito Repellent Room Spray,CA00003,BR00015,17992,2026-03-14 17:36:20
PR00016,Dove Plastic Soap Case - Assorted Colour,CA00003,BR00004,6762,2026-03-06 17:36:20
PR00017,Smooth Skin Oil - For Dry Skin,CA00001,BR00016,15708,2026-03-15 17:36:20
PR00018,Salted Pumpkin,CA00004,BR00017,3250,2026-02-21 17:36:20
PR00019,Flax Seeds - Roasted,CA00004,BR00018,4534,2026-02-24 17:36:20
PR00020,Organic Tofu - Soy Paneer,CA00004,BR00019,2497,2026-02-22 17:36:20
PR00021,Ceramic Barrel Brush - Colour May Vary,CA00001,BR00020,6019,2026-03-09 17:36:20
PR00022,Instant Noodles - Chicken Satay Flavor,CA00004,BR00021,5284,2026-03-07 17:36:20
PR00023,Chia Seeds,CA00004,BR00134,4851,2026-03-03 17:36:20
PR00024,Cleanse Green Tea - Whole Leaf Loose Tea,CA00004,BR00023,4120,2026-03-02 17:36:20
PR00025,Veggie Cutter,CA00002,BR00024,10485,2026-03-06 17:36:20
PR00026,Insulated Hot Fresh Casserole For Roti/Chapati - White,CA00002,BR00025,9716,2026-03-05 17:36:20
PR00027,Granola - Happy Berries,CA00006,BR00026,18246,2026-03-14 17:36:20
PR00028,Flaxseed - Pesticide Free,CA00005,BR00027,15321,2026-03-15 17:36:20
PR00029,Paratha Puff,CA00006,BR00028,13763,2026-03-09 17:36:20
PR00030,Lip Butter - Rose,CA00001,BR00029,13698,2026-03-09 17:36:20
PR00031,Fruit Power - Masala Sugarcane,CA00007,BR00030,16568,2026-03-14 17:36:20
PR00032,Chocobakes Choc Filled Cookies,CA00008,BR00031,34416,2026-03-16 17:36:20
PR00033,Amber - Deodorant Body Spray,CA00001,BR00032,5371,2026-03-09 17:36:20
PR00034,Green Tea - Tulsi Loose Leaf,CA00007,BR00033,22011,2026-03-15 17:36:20
PR00035,Pet Solitaire Container Set - Silver,CA00002,BR00034,3595,2026-03-02 17:36:20
PR00036,Dhania - Dal,CA00005,BR00035,12579,2026-03-11 17:36:20
PR00037,Pudina Chutney Masala,CA00005,BR00036,21725,2026-03-12 17:36:20
PR00038,Bodylicious Deodorant Spray - Mate (For Men),CA00001,BR00037,15505,2026-03-14 17:36:20
PR00039,"Sport Deo Spray - Fresh, for Men",CA00001,BR00037,10442,2026-03-05 17:36:20
PR00040,Choco Deck - Mini Delights,CA00006,BR00038,28155,2026-03-15 17:36:20
PR00041,Eau De Toilette - Homme Green,CA00001,BR00039,16995,2026-03-15 17:36:20
PR00042,Lemon & Tea Tree Oil Soap,CA00001,BR00040,13888,2026-03-09 17:36:20
PR00043,Flavoured Cream Wafer Roll - Strawberry,CA00004,BR00041,2702,2026-02-26 17:36:20
PR00044,Storage/Lunch Steel Container with PP Lid - Red,CA00002,BR00042,8736,2026-03-07 17:36:20
PR00045,Plain Green Olives,CA00004,BR00043,2939,2026-02-28 17:36:20
PR00046,Quinoa - Organic,CA00005,BR00044,11456,2026-03-04 17:36:20
PR00047,After Shave Splash - Arctic Ice,CA00001,BR00045,10687,2026-03-08 17:36:20
PR00048,Colour Catcher Sheets,CA00003,BR00046,17093,2026-03-14 17:36:20
PR00049,Sauce - Sweet & Sour,CA00004,BR00047,5568,2026-03-05 17:36:20
PR00050,Super Hot and Sweet Mango Chutney,CA00006,BR00048,21576,2026-03-12 17:36:20
PR00051,Pani Puri Mix Paste,CA00005,BR00049,22914,2026-03-12 17:36:20
PR00052,Peach Syrup,CA00004,BR00050,5675,2026-03-11 17:36:20
PR00053,Acne & Oil Control Face Wash,CA00001,BR00051,15383,2026-03-12 17:36:20
PR00054,Choco Deck - French Dessert Inspired Layered Bar,CA00006,BR00038,26599,2026-03-15 17:36:20
PR00055,Extra Fine Green Peas,CA00004,BR00052,3167,2026-02-28 17:36:20
PR00056,Soothing Cucumber Facial Scrub With Apricot Seeds,CA00001,BR00053,17552,2026-03-12 17:36:20
PR00057,Foochka,CA00006,BR00054,12856,2026-03-10 17:36:20
PR00058,Argan-Liquid Gold Hair Spa,CA00001,BR00016,9229,2026-03-05 17:36:20
PR00059,"Baby Bed Protector - Sublimation Print, Pink",CA00009,BR00055,2429,2026-02-20 17:36:20
PR00060,Corporate Planner Diary With Premium PU Leather Cover With Card Holder,CA00003,BR00056,15577,2026-03-13 17:36:20
PR00061,"Atta Chalan - Stainless Steel, Size- No.8",CA00002,BR00057,4211,2026-02-27 17:36:20
PR00062,Dog Supplement - Absolute Skin + Coat Tablet,CA00002,BR00058,5695,2026-03-06 17:36:20
PR00063,"Peanut Butter - Creamy, Super",CA00004,BR00059,4450,2026-02-25 17:36:20
PR00064,Sugar Free Petit Beurre - The Taste of France,CA00006,BR00060,12880,2026-03-11 17:36:20
PR00065,Aqua Halo Rejuvenating Conditioner,CA00001,BR00061,13839,2026-03-07 17:36:20
PR00066,Ayurvedic Anti-Tan Face Pack,CA00001,BR00053,14020,2026-03-08 17:36:20
PR00067,Dog Supplement - Absolute Calcium Tablet,CA00002,BR00058,3298,2026-02-22 17:36:20
PR00068,Battery Power Kids Toothbrush - Barbie,CA00001,BR00062,6149,2026-03-05 17:36:20
PR00069,Organic Carom Seeds/Ajwain/Om Kalu,CA00005,BR00063,22905,2026-03-15 17:36:20
PR00070,"Padded Harness - 3/4 inch, Grey Colour",CA00002,BR00064,6782,2026-03-11 17:36:20
PR00071,"Kids Motu Patlu Toothpaste - 2-5 Years, Bubble Fruit Flavour",CA00001,BR00062,13144,2026-03-04 17:36:20
PR00072,Pure & Gentle Face Wash,CA00001,BR00065,9891,2026-03-06 17:36:20
PR00073,Sesame Seed Oil,CA00001,BR00066,13808,2026-03-11 17:36:20
PR00074,Til Dil Seeds,CA00004,BR00067,3544,2026-02-26 17:36:20
PR00075,"Penta Plastic Pet Water Bottle - Green, Wide Mouth",CA00002,BR00068,4205,2026-02-25 17:36:20
PR00076,Acne Pimple Kit For Acne & Pimple Removal,CA00001,BR00069,11667,2026-03-06 17:36:20
PR00077,"Disposable Bamboo Wood Skewer/Picker Sticks- For Barbeque, 12 Inch",CA00002,BR00070,3332,2026-02-28 17:36:20
PR00078,& Moms Bathing Soap - Jasmine,CA00001,BR00071,7483,2026-03-11 17:36:20
PR00079,Amla Chatpata Dry Fruit,CA00004,BR00072,2987,2026-03-02 17:36:20
PR00080,"Toothbrush Superhero Assorted, Batman/Spiderman",CA00001,BR00062,6801,2026-03-06 17:36:20
PR00081,Chips - Topica,CA00006,BR00073,20960,2026-03-13 17:36:20
PR00082,Cup a Soup - Croutons Cream of Asparagus,CA00004,BR00074,4662,2026-02-17 17:36:20
PR00083,Organic Dal - Masoor,CA00005,BR00075,19156,2026-03-14 17:36:20
PR00084,Strawberry Ice Cream,CA00004,BR00076,3981,2026-03-01 17:36:20
PR00085,Exo Dishwash Bar- Round 700 gm Box + Pril Dishwash Liquid- Active 2X Lime 225 ml,CA00003,BR00077,14058,2026-03-09 17:36:20
PR00086,Jupiter Water/Juice Glass Tumbler,CA00002,BR00068,7859,2026-03-05 17:36:20
PR00087,"Cheese - Feta Greek, Block",CA00004,BR00072,4015,2026-02-27 17:36:20
PR00088,Avida 3-in-1 Semi Economy Pouch -  FG01248,CA00003,BR00078,16806,2026-03-14 17:36:20
PR00089,Bathing Soap - Sandal & Turmeric,CA00001,BR00079,11948,2026-03-06 17:36:20
PR00090,Sweet Corn Kernels - Chipotle,CA00010,BR00080,31717,2026-03-17 17:36:20
PR00091,Ashwagandha Tablets,CA00001,BR00081,16777,2026-03-14 17:36:20
PR00092,Hard Anodised Ezee-Pour Saucepan With Lid - L88,CA00002,BR00082,8950,2026-03-06 17:36:20
PR00093,Topp Up Milk - Elaichi,CA00008,BR00083,17453,2026-03-13 17:36:20
PR00094,Namkeen - Madras Mixture,CA00006,BR00084,19551,2026-03-14 17:36:20
PR00095,"Stainless Steel Storage Lunch Container - Flat, Carry Snack Pack",CA00002,BR00085,9596,2026-03-11 17:36:20
PR00096,Oceans Deodorant for Men - Long Lasting & Fresh Aquatic Fragrance,CA00001,BR00086,16792,2026-03-13 17:36:20
PR00097,Hair Remover Spray - Foam Lemon,CA00001,BR00087,7031,2026-03-09 17:36:20
PR00098,Mr. Magic Powder-To-Liquid Germ Protection Handwash Empty Bottle + Refill,CA00001,BR00088,7612,2026-03-09 17:36:20
PR00099,Frankincense Oil,CA00001,BR00029,13732,2026-03-06 17:36:20
PR00100,"Wonder Diaper Pants - Xtra Large, 12-17 Kg",CA00009,BR00089,5471,2026-03-07 17:36:20
PR00101,Samrakshana Vaastu Deepa Thailam,CA00005,BR00090,15226,2026-03-15 17:36:20
PR00102,Quinoa - Organic Black,CA00004,BR00091,2024,2026-02-17 17:36:20
PR00103,Fructis Serum - Long & Strong,CA00001,BR00092,12887,2026-03-04 17:36:20
PR00104,Citrus Blast Orange Lemon Soap Free Body Wash,CA00001,BR00093,9291,2026-03-04 17:36:20
PR00105,Veda Marie Light Biscuits,CA00006,BR00094,22863,2026-03-15 17:36:20
PR00106,"2 Fold Umbrella - Auto-Open & Manual Close, Dark Violet",CA00002,BR00095,3150,2026-03-02 17:36:20
PR00107,Aamras Mango Fruit Juice,CA00007,BR00096,33242,2026-03-17 17:36:20
PR00108,Henna & Ginseng Anti Hair Loss Shampoo,CA00001,BR00097,14434,2026-03-05 17:36:20
PR00109,"Sandwich Toaster - Non-Stick, Gas",CA00002,BR00098,8370,2026-03-11 17:36:20
PR00110,"Baby Cereal - Ragi Almond & Banana, 6-8 Months, No Preservatives, No Artificial Colours",CA00009,BR00099,9552,2026-03-09 17:36:20
PR00111,Incense Sticks - Sandal,CA00003,BR00100,11934,2026-03-06 17:36:20
PR00112,SPF 15 Sunscreen Lotion,CA00001,BR00101,12369,2026-03-11 17:36:20
PR00113,Fenugreek,CA00005,BR00044,10612,2026-03-09 17:36:20
PR00114,Caramel Popcorn - Himalayan Salt,CA00004,BR00102,2735,2026-02-27 17:36:20
PR00115,Cold Pressed Bhringraj Cooling Oil For Hair Fall & Damage Control,CA00001,BR00103,15991,2026-03-15 17:36:20
PR00116,Sapota - Organically Grown,CA00010,BR00104,34104,2026-03-16 17:36:20
PR00117,Spiced Tea - Blend Of 7 Refreshing Spices,CA00007,BR00105,22316,2026-03-14 17:36:20
PR00118,"Steel Bowl/Vati/Katori - No. 4, Chutney",CA00002,BR00068,9949,2026-03-07 17:36:20
PR00119,"Adult Dry Cat Food - +1 Year, Ocean Fish",CA00002,BR00106,6826,2026-03-08 17:36:20
PR00120,Millet Rusk - Sweet,CA00008,BR00107,29682,2026-03-12 17:36:20
PR00121,"Stainless Steel Kadai - Induction Bottom With Glass Lid,  26 cm",CA00002,BR00108,6336,2026-03-05 17:36:20
PR00122,"Power Pocket - Long Lasting Bathroom Fragrance, Berry Rush",CA00003,BR00109,18082,2026-03-12 17:36:20
PR00123,Cabbage - Red,CA00010,BR00104,22588,2026-03-15 17:36:20
PR00124,Marvel Spiderman 2-In-1 Snackeez Bottle With Snack Box,CA00002,BR00110,11351,2026-03-04 17:36:20
PR00125,Refined Oil - Rice Bran (Natural Oryzanol & Vitamin E),CA00005,BR00111,12623,2026-03-06 17:36:20
PR00126,Premium Square Plastic Container - Green,CA00002,BR00002,11682,2026-03-10 17:36:20
PR00127,Instant Popcorn - Butter Delite,CA00006,BR00112,14012,2026-03-10 17:36:20
PR00128,Cherry Lip Balm 4.5 g + Deep Nourish Elbow & Foot Cream 50 g,CA00001,BR00113,11493,2026-03-06 17:36:20
PR00129,Nutrition Plus Health Supplement - Joint Support,CA00001,BR00114,8936,2026-03-09 17:36:20
PR00130,Glass Belleza Bowl - Wine,CA00002,BR00115,6040,2026-03-09 17:36:20
PR00131,Dark Fantasy - Choco Fills Biscuits - Cookies,CA00006,BR00094,13850,2026-03-08 17:36:20
PR00132,Banana - Red,CA00010,BR00104,42474,2026-03-16 17:36:20
PR00133,"Chilli - Bajji, Mild",CA00010,BR00104,40942,2026-03-17 17:36:20
PR00134,I Love You Fruit N Nut Chocolate,CA00006,BR00116,26445,2026-03-13 17:36:20
PR00135,Pitted Green Olives,CA00004,BR00117,5126,2026-03-06 17:36:20
PR00136,Glass Mixing Bowl With Lid - Polo,CA00002,BR00118,4663,2026-02-22 17:36:20
PR00137,Cake Gel,CA00004,BR00119,2758,2026-02-22 17:36:20
PR00138,Toffees - Excellence Assorted,CA00004,BR00012,1908,2026-02-21 17:36:20
PR00139,Organic Idly Podi - Ginger,CA00006,BR00120,13339,2026-03-06 17:36:20
PR00140,Glass Water Bottle - Aquaria Organic Purple,CA00002,BR00025,7836,2026-03-07 17:36:20
PR00141,Stainless Steel Pav Bhaji/Idli Oval Shaped Plate,CA00002,BR00098,8020,2026-03-05 17:36:20
PR00142,Organic Cow Ghee/Tuppa,CA00005,BR00121,21977,2026-03-13 17:36:20
PR00143,Dates/Kharjura - Deseeded,CA00005,BR00122,8450,2026-03-07 17:36:20
PR00144,Chutney - Sweet Mango Sliced (without Garlic),CA00006,BR00123,16029,2026-03-12 17:36:20
PR00145,Turmeric Powder/Arisina Pudi,CA00005,BR00124,16722,2026-03-12 17:36:20
PR00146,Bread - Fruit,CA00008,BR00125,22315,2026-03-12 17:36:20
PR00147,Bombay Street Food Spice Blend,CA00004,BR00126,5751,2026-03-06 17:36:20
PR00148,Ragi Flakes,CA00006,BR00019,27257,2026-03-15 17:36:20
PR00149,Mustard Oil - Cold Pressed,CA00004,BR00127,3054,2026-02-18 17:36:20
PR00150,Juice/Water Glass - Long Drink Nord,CA00002,BR00128,3460,2026-02-22 17:36:20
PR00151,Glass Amaze Air Tight Jar - Pink,CA00002,BR00115,2329,2026-02-25 17:36:20
PR00152,"Finger Brush For Kids - Blue, Ultra Soft",CA00001,BR00129,16938,2026-03-12 17:36:20
PR00153,Water/Juice Glass  - Jupiter Long Glass,CA00002,BR00128,3219,2026-02-19 17:36:20
PR00154,Energy Bar - Choco Crunch,CA00004,BR00130,4616,2026-02-25 17:36:20
PR00155,Breeze - Razor Blades,CA00001,BR00131,5604,2026-03-08 17:36:20
PR00156,"Confeito Vermicelli Combo, Sprinkles",CA00004,BR00132,3537,2026-02-18 17:36:20
PR00157,Olive Oil - Classic,CA00004,BR00334,1021,2026-02-26 17:36:20
PR00158,"Octa Plastic Pet Water Bottle - Light Blue, Narrow Mouth",CA00002,BR00068,5085,2026-03-07 17:36:20
PR00159,Skin Cream,CA00001,BR00135,10152,2026-03-08 17:36:20
PR00160,One Touch Air Purifier Freshener - Floral Bouquet Refill,CA00003,BR00136,12444,2026-03-07 17:36:20
PR00161,Water/Juice Glass,CA00002,BR00118,6811,2026-03-09 17:36:20
PR00162,Color Naturals Creme Riche Ultra Hair Color - Raspberry Red,CA00001,BR00092,14933,2026-03-04 17:36:20
PR00163,Nomarks - Antimarks Soap For Oily Skin,CA00001,BR00137,12055,2026-03-06 17:36:20
PR00164,"Silver Needles Tulsi White Tea Bags - Rich In Antioxidants, Pure Tea Buds",CA00004,BR00138,4266,2026-02-21 17:36:20
PR00165,Baby Napkins - Mini Terry,CA00009,BR00139,7429,2026-03-08 17:36:20
PR00166,"Printed Fabric Pencil Pouch - Purple, BB1263DPPL",CA00003,BR00140,11028,2026-03-08 17:36:20
PR00167,Snacks - Roasted Mixture Lime,CA00004,BR00141,5607,2026-03-04 17:36:20
PR00168,Organic Dosa Mix - Jowar,CA00006,BR00120,15443,2026-03-15 17:36:20
PR00169,Lunch Box/Tiffin Set - Green BB 570 2,CA00002,BR00142,4141,2026-03-01 17:36:20
PR00170,BCAA Energy Drink - Berry Flavour,CA00007,BR00143,17562,2026-03-12 17:36:20
PR00171,Coffee Energizing Face Scrub,CA00001,BR00144,14161,2026-03-05 17:36:20
PR00172,Pain Relief - Oil,CA00001,BR00145,16163,2026-03-15 17:36:20
PR00173,Ultra Soft New Born Diapers - Extra Small,CA00009,BR00089,9608,2026-03-11 17:36:20
PR00174,Jungle Stimulating Facial Cleanser,CA00001,BR00009,13258,2026-03-11 17:36:20
PR00175,Ylang Ylang Essential Oil,CA00001,BR00167,17549,2026-03-15 17:36:20
PR00176,Clear Glycerine Soap - Natural Toning (Tea Tree Oil & Honey),CA00001,BR00146,12246,2026-03-06 17:36:20
PR00177,Soap,CA00001,BR00147,16633,2026-03-14 17:36:20
PR00178,Yellow Balm,CA00001,BR00148,17185,2026-03-13 17:36:20
PR00179,"LED Bulb - 12 Watt, Cool Daylight, B22 Base",CA00002,BR00149,7639,2026-03-10 17:36:20
PR00180,Coriander Leaves 100 g + Garlic 250 g + Ginger 250 g + Chilli Green Long 250 g,CA00010,BR00104,41538,2026-03-17 17:36:20
PR00181,Jaggery/Bella Powder - Pesticide Free,CA00005,BR00027,11795,2026-03-08 17:36:20
PR00182,Ready Masala - Kashmiri Meat,CA00005,BR00150,23989,2026-03-15 17:36:20
PR00183,"Water Saving Aerator, Switch",CA00003,BR00151,15450,2026-03-14 17:36:20
PR00184,Lemongrass Anti-Pigmentation Massage Cream,CA00001,BR00152,14495,2026-03-08 17:36:20
PR00185,Breakfast Mix - Finger Millet Ragi Idli,CA00006,BR00141,24964,2026-03-12 17:36:20
PR00186,Herbal Wine Grapefruit Lip Balm,CA00001,BR00153,9587,2026-03-07 17:36:20
PR00187,Masala Upma,CA00006,BR00154,23661,2026-03-14 17:36:20
PR00188,Maharishi Ayurveda Ayush Kwath,CA00001,BR00155,16078,2026-03-13 17:36:20
PR00189,Svachh Nakshtra Steel Inner Lid Pressure Cooker (20257),CA00002,BR00156,11010,2026-03-10 17:36:20
PR00190,Chicken Liver Gourmet Loaf With Pumpkin - Super Food,CA00002,BR00157,11441,2026-03-10 17:36:20
PR00191,Bath & Body Oil - Oriental Spicy Rose,CA00001,BR00158,8072,2026-03-05 17:36:20
PR00192,"Specialist Skin Care Oil - Scars, Stretch Mark, Ageing, Uneven Skin Tone",CA00001,BR00159,9412,2026-03-08 17:36:20
PR00193,Brioche,CA00008,BR00160,21602,2026-03-14 17:36:20
PR00194,Onion - Rings,CA00004,BR00161,4760,2026-02-19 17:36:20
PR00195,Cotton Mop With Telescopic Handle 150 Cm,CA00003,BR00162,14474,2026-03-10 17:36:20
PR00196,Kale,CA00010,BR00104,22315,2026-03-15 17:36:20
PR00197,"Notebook - Unruled, Long",CA00003,BR00163,6068,2026-03-07 17:36:20
PR00198,Instant Noodles - Soy & Vinegar,CA00004,BR00021,3101,2026-02-19 17:36:20
PR00199,Gluten-Free Quinoa Flour,CA00004,BR00017,2710,2026-02-21 17:36:20
PR00200,"Chikki, Peanut Bar",CA00006,BR00096,26362,2026-03-14 17:36:20
PR00201,1001 Nights Concentrated Oriental Perfume Free From Alcohol For Unisex,CA00001,BR00164,12775,2026-03-07 17:36:20
PR00202,Man - Indigo Body Mist,CA00001,BR00165,8627,2026-03-08 17:36:20
PR00203,Fields Of Gold Organic Cumin - Whole,CA00005,BR00166,11743,2026-03-07 17:36:20
PR00204,Body Massage Oil - Energising,CA00001,BR00167,13956,2026-03-09 17:36:20
PR00205,Synthetic Food Colour Preparation Lemon Yellow,CA00006,BR00168,20326,2026-03-13 17:36:20
PR00206,"Toothpaste - Gum Care, Expert Protection",CA00001,BR00169,10636,2026-03-10 17:36:20
PR00207,Bio Myristica Spot Correcting Anti Acne Face Pack,CA00001,BR00144,17002,2026-03-12 17:36:20
PR00208,"Stainless Steel Frying Ladle - No. 9, Silvera",CA00002,BR00170,5405,2026-03-10 17:36:20
PR00209,OvenOrg Multi Millet Rusk,CA00008,BR00166,26721,2026-03-13 17:36:20
PR00210,Mahabhringraj Tel - Hairfall Reduction & Dandruff Control,CA00001,BR00171,6314,2026-03-07 17:36:20
PR00211,Masterchefs Germ Protection Liquid Handwash Refill,CA00001,BR00088,10656,2026-03-09 17:36:20
PR00212,Black Naturals Hair Colour Shade 1-Deep Black 20 ml + 20 gm,CA00001,BR00092,10239,2026-03-06 17:36:20
PR00213,Apple Cider Vinegar - Raw Unfiltered Unpasteurized with Cinamon & Honey,CA00004,BR00172,1819,2026-02-27 17:36:20
PR00214,"Brinjal - Varikatri, Organically Grown",CA00010,BR00104,28343,2026-03-15 17:36:20
PR00215,Wonderz Milk Shakes - Classic Vanilla,CA00008,BR00094,25008,2026-03-14 17:36:20
PR00216,Marie Light Biscuits - Oats Fibre,CA00006,BR00094,11394,2026-03-09 17:36:20
PR00217,Masala - Chicken,CA00005,BR00173,9588,2026-03-11 17:36:20
PR00218,Dark Chocolate- 55% Rich In Cocoa,CA00006,BR00116,20975,2026-03-15 17:36:20
PR00219,Gentle Baby Wipes,CA00009,BR00174,9186,2026-03-08 17:36:20
PR00220,Avocado,CA00010,BR00104,33210,2026-03-16 17:36:20
PR00221,Plastic Dustbin - Beige,CA00003,BR00140,9450,2026-03-04 17:36:20
PR00222,"Pineapple - Chunks, Single Serve",CA00010,BR00104,43661,2026-03-17 17:36:20
PR00223,Jeera Powder,CA00005,BR00036,18598,2026-03-15 17:36:20
PR00224,Pure Neem Skin Purifying Face Wash,CA00001,BR00175,11404,2026-03-08 17:36:20
PR00225,Lemon - Organically Grown,CA00010,BR00104,30310,2026-03-16 17:36:20
PR00226,Lavender & Vanilla Handmade Luxury Soap,CA00001,BR00009,8314,2026-03-07 17:36:20
PR00227,"Stainless Steel Pressure Cooker - Steeltuff, Induction Base, Silver",CA00002,BR00176,7581,2026-03-09 17:36:20
PR00228,"Steel Deep Dabba/Storage Container - No. 12, Plain",CA00002,BR00068,4633,2026-02-24 17:36:20
PR00229,Chyawan Fit Sugarfree Chyawanprash - Natural Immunity Booster,CA00001,BR00171,13166,2026-03-05 17:36:20
PR00230,Morning Dew Perfumed Talc 250 g + English Lavender Perfumed Talc 250 g,CA00001,BR00177,15659,2026-03-15 17:36:20
PR00231,"Energy Bars - Nutty, 4+ Years, 100% Natural & Healthy",CA00006,BR00178,27475,2026-03-15 17:36:20
PR00232,Banana Stem - Diced,CA00010,BR00104,19939,2026-03-13 17:36:20
PR00233,Chilli Flakes,CA00004,BR00179,3140,2026-02-19 17:36:20
PR00234,Bite & Sip Flask And Lunch Box/Tiffin Box - Green Colour,CA00002,BR00180,7795,2026-03-07 17:36:20
PR00235,Namkeen - Khara Boondi,CA00006,BR00181,21340,2026-03-15 17:36:20
PR00236,Raw Seeds - Sunflower Pumpkin Flax Seeds,CA00004,BR00018,2043,2026-03-03 17:36:20
PR00237,"Garnet LED White Bulb - 14 Watt, Cool Day, B22",CA00002,BR00182,4598,2026-02-27 17:36:20
PR00238,Tempeh Cubes - Simply Sriracha Soyabean,CA00008,BR00183,26016,2026-03-14 17:36:20
PR00239,Green Tea Gentle Detox Set,CA00001,BR00184,8732,2026-03-09 17:36:20
PR00240,Fresh Catch Fish Fingers,CA00011,BR00185,11779,2026-03-09 17:36:20
PR00241,Sour Cream & Onion,CA00004,BR00186,5072,2026-03-05 17:36:20
PR00242,Xylitol Powder,CA00004,BR00187,3576,2026-02-28 17:36:20
PR00243,Sixer Biscuits - Salted,CA00006,BR00188,29914,2026-03-14 17:36:20
PR00244,"Gokshuradi Guggulu - Urinary Disorders, 500mg",CA00001,BR00189,13991,2026-03-04 17:36:20
PR00245,Peach Shine Lip Care,CA00001,BR00174,13181,2026-03-11 17:36:20
PR00246,Skincare Hand Wash Refill,CA00001,BR00071,9481,2026-03-09 17:36:20
PR00247,4mm Aluminium Induction Base Chapati Roti Tawa - Silver,CA00002,BR00190,6825,2026-03-08 17:36:20
PR00248,Mix - Rava Idli,CA00006,BR00191,10086,2026-03-08 17:36:20
PR00249,Impress Concentrated Perfume Free From Alcohol For Male,CA00001,BR00164,15260,2026-03-13 17:36:20
PR00250,Skin Awakening Rinse,CA00001,BR00113,17487,2026-03-15 17:36:20
PR00251,Pacific Steel Insulated Vacuum Flask,CA00002,BR00068,11605,2026-03-05 17:36:20
PR00252,Regenerist - Advanced Anti-Ageing Revitalising Hydration Skin Cream Moisturizer SPF 15,CA00001,BR00192,10601,2026-03-05 17:36:20
PR00253,Cotton Swabs,CA00001,BR00199,11490,2026-03-05 17:36:20
PR00254,"Tropical Fruit Pudding - Lychee, Mango, Strawberry Flavoured",CA00004,BR00194,4777,2026-02-18 17:36:20
PR00255,Pippali Fruit Powder - Supports Healthy Digestive & Immune System,CA00001,BR00195,6578,2026-03-11 17:36:20
PR00256,Salt & Peeper Shaker Masala Dabbi With Window,CA00002,BR00196,2347,2026-02-23 17:36:20
PR00257,Organic - Triphala Powder,CA00005,BR00044,24043,2026-03-14 17:36:20
PR00258,Aeda Glycerine Bathing Bar - Natural Green,CA00001,BR00197,9263,2026-03-07 17:36:20
PR00259,Chicken Cocktail Sausage,CA00011,BR00104,11853,2026-03-11 17:36:20
PR00260,Sun Expert Fairnes Sunscren Lotion SPF 30 PA++,CA00001,BR00198,10599,2026-03-04 17:36:20
PR00261,Cotton Pads,CA00001,BR00199,6618,2026-03-08 17:36:20
PR00262,Ashwagandha Powder,CA00004,BR00200,5443,2026-03-10 17:36:20
PR00263,Frozen - Mixed Vegetables,CA00006,BR00201,18483,2026-03-12 17:36:20
PR00264,Masala - Kitchen,CA00005,BR00202,22400,2026-03-15 17:36:20
PR00265,Mustard/Sasive/Rai - Big,CA00005,BR00035,12190,2026-03-11 17:36:20
PR00266,Ayurvedic Soap,CA00001,BR00203,6027,2026-03-05 17:36:20
PR00267,"Glass Matt Finish Bottle With Plastic Cap - Blue, BB1324",CA00002,BR00140,5166,2026-03-10 17:36:20
PR00268,Perfume - Youth Dew EDP Spray,CA00001,BR00204,7984,2026-03-06 17:36:20
PR00269,Organic Idly - Oats,CA00006,BR00120,25849,2026-03-15 17:36:20
PR00270,Red Curry,CA00004,BR00205,5375,2026-03-06 17:36:20
PR00271,Hareli Kitchen Jar,CA00002,BR00206,7574,2026-03-11 17:36:20
PR00272,Heavy Starch - Lemon Fresh Scent,CA00003,BR00207,10621,2026-03-11 17:36:20
PR00273,United Dreams Go Far Eau De Toilette,CA00001,BR00208,11762,2026-03-11 17:36:20
PR00274,Ayurvedic Jamun Powder,CA00001,BR00209,7889,2026-03-09 17:36:20
PR00275,So Soft 2 Ply Face Tissue Box,CA00003,BR00210,9362,2026-03-04 17:36:20
PR00276,"Pomegranate - Single Serve, Peeled",CA00010,BR00104,40849,2026-03-15 17:36:20
PR00277,Stevia Spoonable - Powder,CA00004,BR00187,2121,2026-02-25 17:36:20
PR00278,Toor/Arhar Dal,CA00005,BR00211,11514,2026-03-06 17:36:20
PR00279,Peristaltic Nipple - 'S' Hole,CA00009,BR00212,2138,2026-02-26 17:36:20
PR00280,Fragrance Body Spray - Cool Blue,CA00001,BR00213,10193,2026-03-05 17:36:20
PR00281,Vitamin C Brightening Peel Off Mask,CA00001,BR00009,14520,2026-03-05 17:36:20
PR00282,Almond & Rose Soap Value Pack,CA00001,BR00174,13643,2026-03-11 17:36:20
PR00283,Yippee Noodles - Magic Masala,CA00006,BR00094,27571,2026-03-12 17:36:20
PR00284,Fields Of Gold Organic Foxtail Millet,CA00005,BR00166,18674,2026-03-15 17:36:20
PR00285,Arrabbiata Tomato Pasta Sauce With Chilli,CA00004,BR00214,4659,2026-02-22 17:36:20
PR00286,"Wood - Centre Filled Bar Infused With Dark Mousse, Cinnamon & Coffee",CA00006,BR00038,25939,2026-03-14 17:36:20
PR00287,Basil Seed Drink - Orange,CA00004,BR00215,1430,2026-02-23 17:36:20
PR00288,Solution Anti Blackhead/Whitehead Masksheet (Pack of 10),CA00001,BR00216,6178,2026-03-07 17:36:20
PR00289,Acno Fight Pimple Clearing Gel,CA00001,BR00217,15021,2026-03-12 17:36:20
PR00290,Pork Classic Salami,CA00011,BR00218,6261,2026-03-11 17:36:20
PR00291,Gold Flash - Mosquito Repellent Combo Machine & Refill,CA00003,BR00219,7495,2026-03-09 17:36:20
PR00292,Stainless Steel Airtight Storage Container - SL-1401,CA00002,BR00220,10989,2026-03-05 17:36:20
PR00293,Whisky Cocktail Mixers - 100% Natural,CA00004,BR00221,2723,2026-02-28 17:36:20
PR00294,Family Sunscreen Lotion SPF 25,CA00001,BR00066,12718,2026-03-06 17:36:20
PR00295,Japanese Cooking Rice-Wine,CA00004,BR00222,2562,2026-02-21 17:36:20
PR00296,Coated Green Peas - Wasabi,CA00004,BR00223,4415,2026-03-03 17:36:20
PR00297,Charminar Basmati Rice/Basmati Akki - Select,CA00005,BR00150,12098,2026-03-07 17:36:20
PR00298,Hide & Seek Choco Rolls,CA00006,BR00188,17636,2026-03-14 17:36:20
PR00299,"Hair Fall Control Kit - Oil, Shampoo & Serum",CA00001,BR00224,10365,2026-03-08 17:36:20
PR00300,"Anti-Acne Face Cleanser - With Salyclic Acid, For Oily Skin",CA00001,BR00225,7178,2026-03-06 17:36:20
PR00301,Gluten-Free Moong Dal Cheela/Dosa Mix,CA00004,BR00017,3225,2026-02-21 17:36:20
PR00302,Milk Boiler - Aluminium,CA00002,BR00226,5086,2026-03-05 17:36:20
PR00303,"Green Tea - Pure, Bio-Degradable",CA00004,BR00227,2125,2026-03-02 17:36:20
PR00304,Cube Storage Glass Jar,CA00002,BR00228,7532,2026-03-05 17:36:20
PR00305,M1 Perfume Spray - For Men,CA00001,BR00037,14544,2026-03-11 17:36:20
PR00306,Tulsi Mulethi Green Tea,CA00004,BR00229,4278,2026-03-03 17:36:20
PR00307,Nicer Dicer,CA00002,BR00024,8904,2026-03-08 17:36:20
PR00308,Masala - Punjabi Chhole,CA00005,BR00230,19460,2026-03-12 17:36:20
PR00309,"Pork - Fresh Bacon, Sliced",CA00011,BR00072,5241,2026-03-07 17:36:20
PR00310,Active Salt Toothpaste Saver Pack 300g + Sensitive Soft Bristles Toothbrush 4pcs,CA00001,BR00062,13437,2026-03-08 17:36:20
PR00311,Silicone Feeding Nipple/Teat Regular Neck - Size XL,CA00009,BR00231,7673,2026-03-07 17:36:20
PR00312,"Microwaveable Plastic Multiutility Bowl - Yellow, New Coral, L2272 YL",CA00002,BR00232,4178,2026-03-02 17:36:20
PR00313,Chicken Jalapeno Cheese Nuggets,CA00011,BR00233,9811,2026-03-08 17:36:20
PR00314,Milk Delights Face Wash With Honey For Dry Skin,CA00001,BR00005,12461,2026-03-05 17:36:20
PR00315,Instaglow Oxygen Bleach,CA00001,BR00234,11819,2026-03-08 17:36:20
PR00316,Soft Drink - Lime Flavoured,CA00007,BR00235,31873,2026-03-16 17:36:20
PR00317,Coffee Creamer - Coffee-Mate,CA00004,BR00236,5256,2026-03-08 17:36:20
PR00318,Royce Premium High Quality Pedal Plastic Dustbin / Garbage Bin - Blue,CA00003,BR00237,17259,2026-03-13 17:36:20
PR00319,Khaas Shampoo Bar - Heena Amla,CA00001,BR00238,10413,2026-03-09 17:36:20
PR00320,Bubble Glass,CA00002,BR00239,4950,2026-02-17 17:36:20
PR00321,Dazzle Livid Lilac Dinner Set - White,CA00002,BR00025,9106,2026-03-07 17:36:20
PR00322,Dhanwantharam Kwath,CA00001,BR00240,17282,2026-03-12 17:36:20
PR00323,Suzzan Glass Bottle With Blue Cap,CA00002,BR00228,11381,2026-03-08 17:36:20
PR00324,Henko Detergent Bar - Stain Care 250 gm + Mr. White Detergent Powder 1 kg Pouch,CA00003,BR00077,16626,2026-03-14 17:36:20
PR00325,Tea - English Breakfast,CA00007,BR00241,29963,2026-03-15 17:36:20
PR00326,Rolled Oats - Gluten Free + Gluten Free - Steel Cut Oats (each 500 g),CA00006,BR00018,24773,2026-03-14 17:36:20
PR00327,"Wafer Roll - Twister, Black With Vanilla Flavoured Cream",CA00004,BR00242,1761,2026-02-18 17:36:20
PR00328,Steel Cut Oats,CA00006,BR00200,21997,2026-03-13 17:36:20
PR00329,Zucchini - Green,CA00010,BR00104,42804,2026-03-16 17:36:20
PR00330,Green Sliced Olives,CA00004,BR00243,3320,2026-02-20 17:36:20
PR00331,Ready To Eat - Khatta Meetha Poha,CA00006,BR00244,10893,2026-03-05 17:36:20
PR00332,Roasted Soyanuts - Wasabi,CA00004,BR00245,2110,2026-02-23 17:36:20
PR00333,Radiance Boost Orange Aroma Mask,CA00001,BR00029,6949,2026-03-10 17:36:20
PR00334,Muffin/Cup Cake Vanilla 200 g + Choco Chip 200 g (Pack of 4 each),CA00008,BR00072,18732,2026-03-13 17:36:20
PR00335,Masala Oats - Veggie Twist,CA00006,BR00246,17630,2026-03-12 17:36:20
PR00336,Sunscreen Cream - Sunblock Anti Aging SPF UV 60,CA00001,BR00247,10247,2026-03-04 17:36:20
PR00337,Sunblock Lotion,CA00001,BR00248,9075,2026-03-04 17:36:20
PR00338,Copper Water Fliptop Bottle - Stripes,CA00002,BR00249,8267,2026-03-11 17:36:20
PR00339,For Men Evolution Eau De Toilette,CA00001,BR00250,12423,2026-03-08 17:36:20
PR00340,"Long & Black Shampoo - With Goodness Of Amla & Bhringraj, For Shiny, Black Hair",CA00001,BR00251,11744,2026-03-09 17:36:20
PR00341,Toothpaste - Complete Care,CA00001,BR00252,7221,2026-03-09 17:36:20
PR00342,Olive Oil - Pomace,CA00004,BR00253,3453,2026-02-19 17:36:20
PR00343,Glass Set - Solo Shot Bar,CA00002,BR00254,11397,2026-03-10 17:36:20
PR00344,Bonacure Conditioner - Repair Rescue,CA00001,BR00255,13830,2026-03-08 17:36:20
PR00345,Vegan Chipotle Mayo - Dairy-Free,CA00004,BR00222,2124,2026-02-19 17:36:20
PR00346,Blueberry,CA00010,BR00104,30646,2026-03-16 17:36:20
PR00347,"Oregano - Organic, USDA Certified",CA00004,BR00256,4337,2026-02-22 17:36:20
PR00348,Chunky Salsa - Mild,CA00004,BR00223,1170,2026-02-28 17:36:20
PR00349,Multigrain Energy Bar - Nuts n Seed,CA00004,BR00257,4507,2026-02-24 17:36:20
PR00350,Active Fresh Gel Toothpaste,CA00001,BR00174,10706,2026-03-07 17:36:20
PR00351,Hydro Replenish Radiance Day Crème with SPF 15,CA00001,BR00258,9436,2026-03-08 17:36:20
PR00352,Anti-Hair Fall Shampoo,CA00001,BR00174,6833,2026-03-11 17:36:20
PR00353,"Cereal - Ragi, Rice & Mango With Milk",CA00009,BR00099,4220,2026-02-26 17:36:20
PR00354,Fenugreek/Methi/Menthya,CA00005,BR00211,8964,2026-03-09 17:36:20
PR00355,Hair Spa Oil Therapy,CA00001,BR00259,7050,2026-03-09 17:36:20
PR00356,"Sauce - Bhut Jolokia, Sweet Chilli",CA00006,BR00260,20814,2026-03-13 17:36:20
PR00357,Dry Fruit Mixed Chatpata,CA00004,BR00072,4041,2026-02-18 17:36:20
PR00358,Organic Coriander Powder,CA00005,BR00261,18204,2026-03-15 17:36:20
PR00359,Stainless Steel Induction Base Tope,CA00002,BR00108,5373,2026-03-09 17:36:20
PR00360,"Adult Cat Food Pocket Tuna 7 kg + Wet Meal Tuna In Jelly, for Adult Cat 1.02 kg",CA00002,BR00262,4836,2026-02-22 17:36:20
PR00361,"Pork - Mortadella with Olives, Sliced",CA00011,BR00072,6779,2026-03-11 17:36:20
PR00362,Andhra Special Allam/Ginger Pickle,CA00006,BR00263,21101,2026-03-13 17:36:20
PR00363,New Dry Diapers - Medium,CA00009,BR00089,3058,2026-02-24 17:36:20
PR00364,Fruit N Fibre Muesli - Mixed Fruit,CA00006,BR00264,24226,2026-03-12 17:36:20
PR00365,Basa Fish - Fillet Family Pack,CA00011,BR00265,12504,2026-03-05 17:36:20
PR00366,Baby Corn - Sweet & Sour,CA00004,BR00266,5764,2026-03-08 17:36:20
PR00367,Kool - Badam,CA00008,BR00116,38457,2026-03-17 17:36:20
PR00368,Creamy Crackers - Original,CA00004,BR00012,4893,2026-02-23 17:36:20
PR00369,Dried - Cranberries 200G + Prunes 200G + Apricots  200G + Blueberries 150G,CA00004,BR00059,3246,2026-02-22 17:36:20
PR00370,Milly Magic Chocolate Balls - Gluten Free,CA00006,BR00267,16607,2026-03-12 17:36:20
PR00371,Millet Based Nutrition Bar - Classic,CA00004,BR00268,3879,2026-03-01 17:36:20
PR00372,"Bathroom Cleaner - Liquid, Hand Made",CA00003,BR00269,9849,2026-03-04 17:36:20
PR00373,Kodo Millet Rice - Pesticide Free,CA00005,BR00027,8300,2026-03-04 17:36:20
PR00374,Amla Juice,CA00007,BR00270,33752,2026-03-17 17:36:20
PR00375,Cheddar - English,CA00004,BR00271,1383,2026-02-17 17:36:20
PR00376,Power - Fresh Breath Fluoride Toothpaste 100 g + Sensitive Toothpaste 80 g,CA00001,BR00272,13748,2026-03-08 17:36:20
PR00377,"Matcha Moringa Bar Bites - Mini, Gluten-free, Vegan",CA00004,BR00273,4022,2026-02-18 17:36:20
PR00378,Sugar Free Juice - Lemon Ginger Squash,CA00007,BR00274,23042,2026-03-13 17:36:20
PR00379,Wipeout Germ Killing Soap,CA00001,BR00275,11757,2026-03-10 17:36:20
PR00380,Jelly Crystal - Raspberry,CA00004,BR00276,4349,2026-02-25 17:36:20
PR00381,Black Tea,CA00007,BR00277,25034,2026-03-14 17:36:20
PR00382,Grainy Delight,CA00004,BR00278,4178,2026-02-25 17:36:20
PR00383,"Kitchen Cleaning/Dusting Microfibre Cloth - Grey, G130060GR",CA00003,BR00279,10294,2026-03-07 17:36:20
PR00384,Amla Churna,CA00001,BR00280,10447,2026-03-09 17:36:20
PR00385,Professional Herbal Orange Facial Massage Cream,CA00001,BR00281,9369,2026-03-11 17:36:20
PR00386,Eggless Mayonnaise Dip,CA00004,BR00282,4005,2026-02-17 17:36:20
PR00387,Nilgiri Green Tea - Yakuso Tulsi,CA00004,BR00283,4926,2026-02-26 17:36:20
PR00388,"Peri Peri Sauce - Bird Eye Chili, Hot & Tangy",CA00004,BR00284,5520,2026-03-06 17:36:20
PR00389,"Menstrual Cup - Wings, Pratham",CA00001,BR00238,9419,2026-03-04 17:36:20
PR00390,Wonderz Milk Fruit N Milk - Mango,CA00008,BR00094,22888,2026-03-14 17:36:20
PR00391,Cow Ghee/Tuppa,CA00005,BR00285,11700,2026-03-10 17:36:20
PR00392,"Organic - Black Cardamom Ealachi, Whole",CA00005,BR00035,21610,2026-03-14 17:36:20
PR00393,Ultimate Choco Berry,CA00006,BR00286,13839,2026-03-08 17:36:20
PR00394,Steel Belly Shape Storage Dabba/ Container Set With PP Lid - Silver & Blue,CA00002,BR00287,9197,2026-03-08 17:36:20
PR00395,Kool - Koko,CA00008,BR00116,38670,2026-03-16 17:36:20
PR00396,"Apple Cider Vinegar - With Mother, Unfiltered & Unpasteurized",CA00004,BR00288,2329,2026-02-18 17:36:20
PR00397,Dare Deodorant Spray - Men,CA00001,BR00289,11054,2026-03-11 17:36:20
PR00398,Svachh DLX Alpha Steel Outer Lid Pressure Cooker (20247),CA00002,BR00156,6328,2026-03-08 17:36:20
PR00399,Hydrating Body Lotion,CA00001,BR00290,11303,2026-03-07 17:36:20
PR00400,Nuts & Seeds Bar,CA00006,BR00286,14473,2026-03-07 17:36:20
PR00401,"Nacho Chips - Cheese With Herbs, No Onion, No Garlic",CA00004,BR00291,4828,2026-02-28 17:36:20
PR00402,Pistachio,CA00004,BR00292,1972,2026-03-03 17:36:20
PR00403,7 O Click - Permasharp Stainless Blade,CA00001,BR00045,17479,2026-03-14 17:36:20
PR00404,Classic Sandalwood & Tulsi Hand Wash,CA00001,BR00293,17414,2026-03-13 17:36:20
PR00405,Chai/Stainless Steel Cups - For The Love Of Tea,CA00002,BR00294,2659,2026-02-27 17:36:20
PR00406,Brass Karpoor Arti - No.2,CA00003,BR00003,13201,2026-03-08 17:36:20
PR00407,Nikhaar Hair Removal Cream For All Skin Types,CA00001,BR00295,16411,2026-03-12 17:36:20
PR00408,Original Care Lip Balm For 24h Moisture With Shea Butter & Natural Oils,CA00001,BR00005,7539,2026-03-06 17:36:20
PR00409,"Plastic Insulated Jr Casserole For Roti/Chapati Gift Set - White, Regalia",CA00002,BR00296,2619,2026-02-23 17:36:20
PR00410,Sunspray Sunscreen SPF 30,CA00001,BR00066,15515,2026-03-15 17:36:20
PR00411,Vastu Combo Pack - Floor Cleaner + toilet cleaner,CA00003,BR00297,18598,2026-03-12 17:36:20
PR00412,"Water Flask - Insulated Thermosteel, Flip Lid , Silver",CA00002,BR00296,2116,2026-02-28 17:36:20
PR00413,Drumstick - Organically Grown,CA00010,BR00104,49759,2026-03-15 17:36:20
PR00414,Up Or Down Eau De Toilette Deodorant - For Man,CA00001,BR00165,9118,2026-03-11 17:36:20
PR00415,"Ultra Healing - Extra Dry Skin Moisturiser With Vitamin C, E & B5",CA00001,BR00298,15921,2026-03-12 17:36:20
PR00416,"Organic, Fennel /Saunf/Sompu Powder",CA00005,BR00035,9540,2026-03-05 17:36:20
PR00417,Coconut Braker - Big,CA00002,BR00057,5384,2026-03-10 17:36:20
PR00418,Truffel - Caramel,CA00006,BR00299,24851,2026-03-15 17:36:20
PR00419,Conditioner - Hair Repair,CA00001,BR00300,5946,2026-03-07 17:36:20
PR00420,"Stainless Steel Water Bottle - Blue, BB506 3",CA00002,BR00140,8486,2026-03-09 17:36:20
PR00421,Mischief Avatar Deodorant & Body Spray Perfume For Men,CA00001,BR00301,8279,2026-03-07 17:36:20
PR00422,Skin Fruits Fruit Moisturising Body Lotion,CA00001,BR00175,11929,2026-03-10 17:36:20
PR00423,Multipurpose Germ Protection Anti-Bacterial Wipes With Lemon Fragrance,CA00003,BR00302,6945,2026-03-04 17:36:20
PR00424,Basmati Rice/Basmati Akki - Rozana Super 90,CA00005,BR00303,9944,2026-03-08 17:36:20
PR00425,Milk power Frappe Milkshake - Belgian Chocolate,CA00008,BR00030,21276,2026-03-15 17:36:20
PR00426,"Peanut Butter - Unsweetened, Crunchy",CA00006,BR00304,23931,2026-03-14 17:36:20
PR00427,Salem Turmeric Powder/Arisina Pudi,CA00005,BR00305,12073,2026-03-05 17:36:20
PR00428,Body Fragrance - Alexander,CA00001,BR00213,8257,2026-03-04 17:36:20
PR00429,"Steel Storage/Lunch Container- No.1, Blue, Klip It",CA00002,BR00306,6203,2026-03-06 17:36:20
PR00430,Ladies Finger,CA00010,BR00104,28329,2026-03-14 17:36:20
PR00431,Aloe Vera Juice - Purifies Blood & Boosts Immunity,CA00004,BR00307,1665,2026-02-18 17:36:20
PR00432,"Balloon - Polka Dot, 12 Inch",CA00003,BR00308,10073,2026-03-06 17:36:20
PR00433,School/Stationery Kit,CA00003,BR00309,12060,2026-03-06 17:36:20
PR00434,Face Wash - White Tea & Chamomile,CA00001,BR00248,16151,2026-03-13 17:36:20
PR00435,Bathroom Cleaner,CA00003,BR00310,11055,2026-03-04 17:36:20
PR00436,Imperial Desert Set - Aqua Leaves,CA00002,BR00025,4027,2026-02-25 17:36:20
PR00437,Solitaire Storage Transparent Pet Container Set - Green Lid,CA00002,BR00034,6971,2026-03-09 17:36:20
PR00438,Organic Cold Pressed Virgin Coconut Oil,CA00004,BR00141,5304,2026-03-11 17:36:20
PR00439,DiaFree Juice,CA00007,BR00311,27708,2026-03-15 17:36:20
PR00440,Hand Wash Rose & Geranium - Anti Bacterial,CA00001,BR00312,13616,2026-03-07 17:36:20
PR00441,Namkeen - Flattend Rice Mixture,CA00006,BR00313,17293,2026-03-12 17:36:20
PR00442,Borosilicate Glass Rectangular Food Container With Green Lid,CA00002,BR00068,4419,2026-02-21 17:36:20
PR00443,Black Naturals,CA00001,BR00092,17676,2026-03-15 17:36:20
PR00444,Sorghum Rava/ Semolina,CA00004,BR00314,4688,2026-02-24 17:36:20
PR00445,Sensitive Toothpaste - Fresh Mint,CA00001,BR00315,12289,2026-03-08 17:36:20
PR00446,Floor Cleaner - Lime,CA00003,BR00316,9809,2026-03-10 17:36:20
PR00447,Hair Serum - Anti-Dandruff,CA00001,BR00248,9744,2026-03-08 17:36:20
PR00448,"Face Mask 3-Layer Surgical - Disposable, Anti-Dust & Anti-Pollution, With Earloop",CA00001,BR00317,14951,2026-03-08 17:36:20
PR00449,Veda Keto-Slim Ultra Weight Loss,CA00001,BR00318,12928,2026-03-10 17:36:20
PR00450,"Basmati Rice Mini Mogra, Broken/Tukda 5 Kg + Wheat Flour (Chakki Atta) 10 Kg",CA00005,BR00035,10000,2026-03-04 17:36:20
PR00451,Tapioca,CA00010,BR00104,26554,2026-03-13 17:36:20
PR00452,Organic - Kalonji,CA00005,BR00044,23087,2026-03-13 17:36:20
PR00453,Savoury - Pizza,CA00004,BR00161,3895,2026-02-18 17:36:20
PR00454,Water/Juice Glass Tumbler - Volvic 3303,CA00002,BR00319,8303,2026-03-09 17:36:20
PR00455,Red Poha,CA00005,BR00320,13455,2026-03-05 17:36:20
PR00456,Brightening Serum,CA00001,BR00113,13442,2026-03-08 17:36:20
PR00457,Ivory Glass Bottle - Orange & Yellow Floral,CA00002,BR00228,4401,2026-02-27 17:36:20
PR00458,Sheer Perfume For Women - EDP,CA00001,BR00321,14306,2026-03-06 17:36:20
PR00459,Dog Treats - Diced Chicken,CA00002,BR00322,10857,2026-03-09 17:36:20
PR00460,Baking Powder - Double Acting,CA00004,BR00323,3772,2026-02-20 17:36:20
PR00461,"Ready Mix - Kheer, Vermicelli",CA00006,BR00324,24819,2026-03-14 17:36:20
PR00462,Scrubbing Broom Brush - Outdoor,CA00003,BR00325,6302,2026-03-05 17:36:20
PR00463,Organic Wheat Dalia,CA00005,BR00044,9668,2026-03-06 17:36:20
PR00464,Moisturizing Body Bath - Green Tea & Milk,CA00001,BR00326,6065,2026-03-04 17:36:20
PR00465,The Original Kashaya - Caffeine Free,CA00004,BR00327,1989,2026-03-03 17:36:20
PR00466,Nizami Hyderabadi Cuisine,CA00004,BR00126,3330,2026-02-18 17:36:20
PR00467,Elegance Deodorizing Talc - For Men,CA00001,BR00177,8481,2026-03-05 17:36:20
PR00468,"LED Bulb - 10 Watt CDL Round Base Lyor 5 Star Series, Cool Day Light White, B22",CA00002,BR00328,3697,2026-02-23 17:36:20
PR00469,Organic Rasam Ready Mix - Long Pepper,CA00006,BR00120,17269,2026-03-14 17:36:20
PR00470,Gold Caramel Candy,CA00006,BR00329,20647,2026-03-13 17:36:20
PR00471,Masala - Birayani Pulao,CA00005,BR00330,12915,2026-03-09 17:36:20
PR00472,Hair Fall Control Oil,CA00001,BR00224,6510,2026-03-05 17:36:20
PR00473,Bio Renew White Strawberry & Sweet Mint Conditioner,CA00001,BR00331,8921,2026-03-05 17:36:20
PR00474,"Comfort Bathroom Stool Plastic/Patla - Plain, Big, Assorted",CA00003,BR00332,16120,2026-03-12 17:36:20
PR00475,Bounce Biscuits - Elaichi Creme,CA00006,BR00094,23338,2026-03-13 17:36:20
PR00476,"Pumice Stone & Emery Foot Filer - FFL3407, Colour May Vary",CA00001,BR00333,7364,2026-03-08 17:36:20
PR00477,Light Soy Sauce - Reduced Salt,CA00004,BR00335,5762,2026-03-04 17:36:20
PR00478,"Kitchen Cleaning/Dusting Microfibre Cloth - Red & Grey, G130064RG",CA00003,BR00279,11872,2026-03-08 17:36:20
PR00479,Painting Kit,CA00003,BR00336,19796,2026-03-15 17:36:20
PR00480,Diamond Skin Brightening Kit - Consumer Pack,CA00001,BR00175,15340,2026-03-13 17:36:20
PR00481,Organic - Turmeric Powder/Arisina Pudi,CA00005,BR00320,19141,2026-03-12 17:36:20
PR00482,Natural Neem Agarbatti,CA00003,BR00219,6315,2026-03-04 17:36:20
PR00483,Raspberry Strawberry Preserve,CA00004,BR00337,4941,2026-02-18 17:36:20
PR00484,Meghdoot Honey Almond Body Lotion,CA00001,BR00209,10628,2026-03-04 17:36:20
PR00485,Hajmola Maha Candy - Aam+Imli,CA00001,BR00280,13706,2026-03-07 17:36:20
PR00486,Rice Bran Oil,CA00005,BR00338,8427,2026-03-05 17:36:20
PR00487,"N95 Washable Face Mask - Blue, Medium",CA00001,BR00339,7965,2026-03-10 17:36:20
PR00488,Coriander Powder,CA00005,BR00270,22942,2026-03-13 17:36:20
PR00489,Dressing - Creamy Caesar,CA00004,BR00340,4470,2026-02-23 17:36:20
PR00490,Shishu Taila - For Healthy Skin & Stronger Bones,CA00001,BR00189,6100,2026-03-07 17:36:20
PR00491,Chocolate Flavoured Lubes,CA00001,BR00341,10086,2026-03-06 17:36:20
PR00492,Free Range Eggs - Omega 3,CA00011,BR00342,6324,2026-03-05 17:36:20
PR00493,Whiteglow Skin Whitening & Brightening Gel Creme PA+++ - SPF 25,CA00001,BR00343,8646,2026-03-08 17:36:20
PR00494,Premium Californian Roasted & Salted Pistachios - Value Pack,CA00004,BR00059,5077,2026-03-11 17:36:20
