worker_id,first_name,last_name,birthday,hours_day,country,hired_date,salary_day,email
WO00001,Andrew,Lee,1966-03-17,7,UK,2018-10-20,12,AndrewLee31966@gmail.com
WO00002,Nicolas,Rondeau,1982-04-23,7,UK,2015-11-27,12,Nicolas_Rondeau_4@gmail.com
WO00003,Lee,Bressler,1981-02-20,7,UK,2021-04-19,12,LeeEBressler2021981@gmail.com
WO00004,Mark,Jordan,1975-11-07,7,IR,2021-04-10,15,Mark O. Jordan 7111975 3@gmail.com
WO00005,John,Carlbäck,1985-04-27,7,UK,2015-02-17,12,John E. Carlbäck 2741985 88@gmail.com
WO00006,Kyle,Wang,2008-02-20,7,IR,2024-08-08,15,KyleWang_odyssey_362008@gmail.com
WO00007,Iñigo,Diez,1980-11-10,7,IR,2021-07-24,15,Iñigo E. Diez 10111980 11@gmail.com
WO00008,Stinson,Fuller,2007-07-24,7,UK,2017-12-04,12,Stinson_Fuller_87@gmail.com
WO00009,Raquel,Moraes,1999-03-25,7,IR,2022-07-07,15,RaquelUMoraes2531999@gmail.com
WO00010,Kara,Rafferty,1965-12-07,7,IR,2024-08-22,15,KaraRaff121965@gmail.com
WO00011,Jorge,Uribe,1982-12-29,7,IR,2020-06-18,15,JorgeIUribe29121982@gmail.com
WO00012,Hendrix,Paul,1989-01-25,7,CA,2022-02-04,19,HendrixIPaul2511989@gmail.com
WO00013,Vantheth,Hong,1980-09-01,7,CA,2023-01-04,19,Vantheth_Hong_58@gmail.com
WO00014,Will,Shegog,1974-10-27,7,UK,2020-09-11,12,Will O. Shegog 27101974 81@gmail.com
WO00015,Takeshi,Yamazaki,1986-01-04,7,CA,2024-09-25,19,Takeshi_Yamazaki_8@gmail.com
WO00016,Justin,Serrette,1977-05-24,7,CA,2022-12-26,19,JustinSerrette_odyssey_621977@gmail.com
WO00017,Christine,Hassel,1996-05-17,7,CA,2022-06-06,19,Christine O. Hassel 1751996 74@gmail.com
WO00018,Silas,Tsui,1979-03-20,7,CA,2025-09-16,19,SilasATsui2031979@gmail.com
WO00019,Emily,Zhong,1970-07-22,7,CA,2025-08-10,19,EmilyZho'sfakemail1985@gmail.com
WO00020,Jakob,Tercon,1991-10-11,7,CA,2023-01-20,19,Jakob O. Tercon 11101991 20@gmail.com
WO00021,Eden,Haber,1995-09-05,7,CA,2022-06-01,19,Eden_Haber_57@gmail.com
WO00022,Julien,Rouel,1964-09-17,7,UK,2022-09-14,12,Julien_Rouel_90@gmail.com
WO00023,Isaac,Wolfe,2005-12-15,7,IR,2024-02-16,15,IsaacEWolfe15122005@gmail.com
WO00024,Mitchell,Moranis,1996-11-01,7,UK,2016-10-07,12,Mitchell_Moranis_94@gmail.com
WO00025,Anne,Preisig,2002-10-30,7,CA,2025-11-13,19,Anne_Preisig_62@gmail.com
WO00026,Brad,Martinez,1977-06-01,7,IR,2023-04-11,15,BradMart61977@gmail.com
WO00027,Michael,Pawlowicz,1994-07-16,7,IR,2024-06-12,15,MichaelIPawlowicz1671994@gmail.com
WO00028,Bill,MacQueen,1987-08-05,7,IR,2021-07-07,15,BillMacQ81987@gmail.com
WO00029,Olivier,Tafani,1994-09-05,7,UK,2016-11-22,12,OlivierUTafani591994@gmail.com
WO00030,John,Shelton,1988-08-05,7,UK,2018-06-15,12,John_Shelton_27@gmail.com
WO00031,Feiran,Li,1970-12-01,7,UK,2020-02-25,12,Feiran_Li_98@gmail.com
WO00032,Marie,Beaver,1986-05-22,7,CA,2025-09-05,19,MarieEBeaver2251986@gmail.com
WO00033,Jose,Serna,1980-11-02,7,UK,2015-12-17,12,JoseSern111980@gmail.com
WO00034,Roberto,Munk,1982-08-31,7,IR,2025-08-06,15,Roberto I. Munk 3181982 48@gmail.com
WO00035,Felipe,Guevara,1994-05-11,7,UK,2026-01-19,12,FelipeGuev51994@gmail.com
WO00036,Rafael,Azevedo,1982-07-18,7,UK,2016-11-24,12,Rafael O. Azevedo 1871982 4@gmail.com
WO00037,Hengkie,Kurniawan,2008-01-18,7,CA,2023-09-10,19,Hengkie I. Kurniawan 1812008 20@gmail.com
WO00038,Stéphane,Revol,1981-07-15,7,CA,2025-01-24,19,StéphaneRevo71981@gmail.com
WO00039,Mengyang,You,1984-03-13,7,CA,2025-04-05,19,Mengyang O. You 1331984 57@gmail.com
WO00040,Madeline,Steiner,1984-08-15,7,UK,2025-09-30,12,MadelineStei81984@gmail.com
WO00041,Michael,Knuepfel,1987-01-29,7,IR,2019-06-09,15,Michael I. Knuepfel 2911987 42@gmail.com
WO00042,Britta,Werner,1974-11-25,7,CA,2025-07-14,19,BrittaUWerner25111974@gmail.com
WO00043,Yunchun,Xu,1995-09-15,7,CA,2023-12-10,19,Yunchun O. Xu 1591995 44@gmail.com
WO00044,Melissa,Abbey,1992-06-25,7,CA,2022-12-01,19,MelissaAbbe61992@gmail.com
WO00045,Chris,Swezey,1985-05-14,7,IR,2024-05-30,15,Chris U. Swezey 1451985 73@gmail.com
WO00046,Reem,Karp,1985-10-19,7,IR,2021-08-17,15,Reem_Karp_72@gmail.com
WO00047,Sergio,Heredia,1980-01-26,7,IR,2022-05-29,15,Sergio_Heredia_63@gmail.com
WO00048,Yehonatan,Granot,1990-08-01,7,UK,2020-09-24,12,YehonatanGranot_odyssey_331990@gmail.com
WO00049,Hudson,Scanni,1983-02-17,7,CA,2025-01-08,19,Hudson_Scanni_2@gmail.com
WO00050,Matthew,Rautionmaa,1990-02-03,7,CA,2022-11-10,19,Matthew_Rautionmaa_48@gmail.com
WO00051,Kip,Robbins,1982-05-18,7,UK,2016-05-31,12,Kip1982jedetmail68@gmail.com
WO00052,Raphael,Vivet,1986-04-16,7,CA,2024-03-18,19,RaphaelVive41986@gmail.com
WO00053,John,Wetzel,1963-11-17,7,IR,2022-09-13,15,JohnEWetzel17111963@gmail.com
WO00054,Erik,Wilt,1971-11-04,7,IR,2019-05-27,15,ErikWilt111971@gmail.com
WO00055,Jose,II,1985-02-18,7,UK,2021-04-10,12,Jose_II_25@gmail.com
WO00056,Paul,Morris,1971-12-20,7,UK,2025-02-22,12,Paul A. Morris 20121971 47@gmail.com
WO00057,Edwin,Velez,1988-03-04,7,IR,2022-08-25,15,EdwinVele31988@gmail.com
WO00058,Samantha,Comte,1995-10-10,7,IR,2022-05-05,15,Samantha_Comte_62@gmail.com
WO00059,Erick,Majano,1967-04-24,7,UK,2020-04-09,12,Erick_Majano_57@gmail.com
WO00060,Niels,Thijssen,1984-08-29,7,IR,2017-12-22,15,Niels_Thijssen_53@gmail.com
WO00061,Teofilo,Sanchez,1962-11-04,7,CA,2025-10-31,19,Teofilo E. Sanchez 4111962 21@gmail.com
WO00062,Mollie,Green,2001-12-16,7,IR,2019-01-01,15,MollieGree122001@gmail.com
WO00063,David,Halpern,1996-09-30,7,IR,2023-05-06,15,David I. Halpern 3091996 51@gmail.com
WO00064,Dan,Pierce,1992-08-31,7,IR,2025-11-24,15,Dan O. Pierce 3181992 96@gmail.com
WO00065,Augusto,Hilkner,1998-08-20,7,UK,2018-02-21,12,Augusto E. Hilkner 2081998 60@gmail.com
WO00066,Alysia,Mcandrew,2001-06-07,7,CA,2023-09-10,19,AlysiaEMcandrew762001@gmail.com
WO00067,Sean,O'Mara,1967-06-29,7,IR,2023-03-16,15,Sean_O'Mara_79@gmail.com
WO00068,Bryan,Boeckmann,1983-08-20,7,UK,2025-08-14,12,BryanEBoeckmann2081983@gmail.com
WO00069,John,Freeman,1974-10-29,7,CA,2023-01-06,19,JohnFree101974@gmail.com
WO00070,Paige,Sottosanti,1978-12-19,7,UK,2016-04-20,12,PaigeSott121978@gmail.com
WO00071,Conor,King,1979-05-23,7,IR,2017-11-22,15,ConorKing51979@gmail.com
WO00072,Eric,Magne,1974-08-31,7,UK,2024-04-28,12,EricMagn81974@gmail.com
WO00073,Johanne,Arnauld,1970-01-05,7,UK,2015-12-28,12,JohanneEArnauld511970@gmail.com
WO00074,Caroline,Kirk,2000-03-23,7,CA,2022-09-05,19,CarolineKirk32000@gmail.com
WO00075,Hirokazu,Honda,2004-05-31,7,IR,2020-12-30,15,HirokazuHond52004@gmail.com
WO00076,Jeff,Rigby,1963-03-20,7,CA,2025-08-23,19,JeffORigby2031963@gmail.com
WO00077,Jorge,Mejia,2003-09-19,7,UK,2023-03-23,12,JorgeOMejia1992003@gmail.com
WO00078,Xiaoke,Sun,1976-07-15,7,UK,2024-11-19,12,XiaokeUSun1571976@gmail.com
WO00079,Kathryn,Sessa,1996-06-09,7,IR,2022-07-25,15,KathrynASessa961996@gmail.com
WO00080,Omar,Villegas,1965-03-09,7,UK,2023-02-17,12,OmarUVillegas931965@gmail.com
WO00081,Thomas,Petz,1965-12-22,7,UK,2025-07-14,12,ThomasPetz121965@gmail.com
WO00082,Michael,Borecki,2004-07-11,7,UK,2018-05-22,12,Michael U. Borecki 1172004 26@gmail.com
WO00083,Jason,Naughton,2005-02-22,7,CA,2024-12-16,19,JasonNaug22005@gmail.com
WO00084,Derek,Holland,1996-05-20,7,IR,2019-04-29,15,DerekIHolland2051996@gmail.com
WO00085,Lionel,Nattes,1987-08-17,7,IR,2017-10-05,15,Lionel_Nattes_41@gmail.com
WO00086,Grant,Ruder,2007-04-08,7,IR,2023-04-17,15,GrantRude42007@gmail.com
WO00087,Claudio,Confalonieri,1974-12-06,7,IR,2020-07-25,15,ClaudioConf121974@gmail.com
WO00088,Naoise,Farrell,1984-04-30,7,UK,2022-07-29,12,Naoise I. Farrell 3041984 90@gmail.com
WO00089,Rob,Snijders,1968-09-26,7,CA,2021-08-28,19,RobSnij91968@gmail.com
WO00090,Jan,Göbel,1978-12-26,7,CA,2023-03-27,19,JanGöbe121978@gmail.com
WO00091,Alejandro,Contreras,1970-04-18,7,UK,2024-12-21,12,AlejandroCont41970@gmail.com
WO00092,Tomas,Hucal,1968-09-29,7,CA,2025-01-06,19,TomasAHucal2991968@gmail.com
WO00093,Joep,Oversier,2006-02-07,7,UK,2022-03-10,12,JoepOver22006@gmail.com
WO00094,William,O'Malley,1987-09-01,7,CA,2021-02-17,19,William_O'Malley_22@gmail.com
WO00095,John,Harvey,1998-12-17,7,UK,2018-10-11,12,JohnHarv121998@gmail.com
WO00096,Robert,Goldberg,1976-09-24,7,IR,2024-11-11,15,Robert_Goldberg_59@gmail.com
WO00097,Stephan,Hollinger,2006-05-25,7,UK,2019-06-22,12,StephanHoll52006@gmail.com
WO00098,Sofia,Varsallona,1976-10-18,7,UK,2018-08-02,12,SofiaVarsallona_odyssey_951976@gmail.com
WO00099,Felix,Richter,1990-09-19,7,CA,2022-06-06,19,FelixRich91990@gmail.com
WO00100,Sahin,Olcer,1973-01-30,7,CA,2024-09-11,19,Sahin I. Olcer 3011973 45@gmail.com
WO00101,Paul,Harrison,2006-04-29,7,UK,2017-02-06,12,PaulAHarrison2942006@gmail.com
WO00102,Rik,Terlyn,1976-10-31,7,UK,2024-10-12,12,Rik U. Terlyn 31101976 90@gmail.com
WO00103,Nikolas,Hansen,1993-03-23,7,CA,2021-07-01,19,Nikolas_Hansen_6@gmail.com
WO00104,Luke,Overdyk,1991-10-11,7,UK,2016-10-18,12,Luke O. Overdyk 11101991 99@gmail.com
WO00105,Michael,Hoberman,1977-08-21,7,CA,2021-07-21,19,MichaelUHoberman2181977@gmail.com
WO00106,Drew,Sappenfield,1972-10-15,7,CA,2026-02-18,19,DrewSappenfield_odyssey_841972@gmail.com
WO00107,Alexander,Rylyakov,1964-04-27,7,UK,2023-08-06,12,Alexander A. Rylyakov 2741964 49@gmail.com
WO00108,Lisa,Tuffy,1997-04-21,7,CA,2024-11-07,19,Lisa I. Tuffy 2141997 36@gmail.com
WO00109,Juan,Mendoza,1963-01-25,7,UK,2017-03-27,12,JuanOMendoza2511963@gmail.com
WO00110,Vitaliy,Anoka,2006-08-09,7,CA,2022-03-25,19,Vitaliy A. Anoka 982006 68@gmail.com
WO00111,Joan,Martínez,1996-06-10,7,IR,2022-08-18,15,JoanMart61996@gmail.com
WO00112,Melanie,Manguin,2003-11-20,7,IR,2023-09-27,15,MelanieUManguin20112003@gmail.com
WO00113,Thor,Linberg,1992-08-05,7,IR,2024-11-17,15,ThorLinb81992@gmail.com
WO00114,Brent,Rodgers,1979-08-25,7,IR,2017-11-18,15,Brent_Rodgers_1@gmail.com
WO00115,Sarah,Sheets,1976-03-01,7,UK,2022-11-24,12,SarahShee31976@gmail.com
WO00116,Aleta,Jewell,2002-09-09,7,IR,2025-01-02,15,AletaIJewell992002@gmail.com
WO00117,Cody,Benton,1992-08-24,7,UK,2025-01-13,12,Cody_Benton_83@gmail.com
WO00118,Jamie,Bannigan,1996-10-13,7,CA,2025-12-19,19,JamieBann101996@gmail.com
WO00119,Crystal,Thompson,1968-10-31,7,UK,2016-10-04,12,CrystalThom101968@gmail.com
WO00120,Kevin,McCarthy,1987-09-10,7,CA,2020-11-03,19,KevinEMcCarthy1091987@gmail.com
WO00121,Julian,Ng,2001-11-05,7,IR,2018-06-15,15,Julian_Ng_31@gmail.com
WO00122,Hamidreza,Mehdizadeh,2006-11-30,7,CA,2024-08-08,19,Hamidreza I. Mehdizadeh 30112006 55@gmail.com
WO00123,Julie,Pratt,2000-08-16,7,CA,2022-08-05,19,JuliePrat82000@gmail.com
WO00124,Chung,Lin,1983-02-17,7,CA,2020-10-23,19,Chung_Lin_56@gmail.com
WO00125,Esteban,Aleman,1962-04-18,7,IR,2017-11-12,15,Esteban_Aleman_73@gmail.com
WO00126,Paul,Roeleveld,1998-11-15,7,IR,2018-08-21,15,PaulRoeleveld_odyssey_381998@gmail.com
WO00127,Jose,Nunes,1985-07-16,7,UK,2019-03-29,12,JoseNune71985@gmail.com
WO00128,Daniel,Reaume,1991-09-25,7,UK,2020-09-18,12,Daniel_Reaume_49@gmail.com
WO00129,Norman,Suaner,1964-06-18,7,IR,2024-09-18,15,Norman1964jedetmail81@gmail.com
WO00130,Heinrich,Hoffmann,1983-06-25,7,IR,2023-09-19,15,HeinrichEHoffmann2561983@gmail.com
WO00131,J,Doran,1997-11-22,7,IR,2024-05-05,15,JDora111997@gmail.com
WO00132,Valentin,Werner,1974-10-06,7,IR,2019-07-16,15,ValentinIWerner6101974@gmail.com
WO00133,Kim,Sanders,1973-03-08,7,UK,2022-07-25,12,KimSand31973@gmail.com
WO00134,Ed,Staples,1985-05-18,7,IR,2025-04-04,15,Ed E. Staples 1851985 91@gmail.com
WO00135,Matthew,Dallara,1963-03-10,7,UK,2018-06-10,12,MatthewDall31963@gmail.com
WO00136,Yevgen,Vasylenko,2002-07-20,7,CA,2025-12-14,19,Yevgen A. Vasylenko 2072002 65@gmail.com
WO00137,Caio,Sigaki,1978-03-23,7,UK,2025-10-25,12,CaioSiga31978@gmail.com
WO00138,Will,Rowles,1983-09-04,7,IR,2019-03-18,15,WillURowles491983@gmail.com
WO00139,Isabelle,Ledru,1971-02-09,7,CA,2021-11-24,19,IsabelleOLedru921971@gmail.com
WO00140,Hugh,Doherty,1991-03-14,7,IR,2025-02-11,15,HughDoh'sfakemail2006@gmail.com
WO00141,Larry,Hoffheimer,1988-12-10,7,UK,2025-08-01,12,Larry_Hoffheimer_36@gmail.com
WO00142,Luke,Stretton,2003-12-03,7,IR,2018-12-06,15,Luke I. Stretton 3122003 39@gmail.com
WO00143,Mats,Arnoy,1978-12-02,7,CA,2023-08-25,19,Mats I. Arnoy 2121978 27@gmail.com
WO00144,Luis,Mendes,1987-01-16,7,IR,2024-12-16,15,LuisMendes_odyssey_301987@gmail.com
WO00145,Evy,Oosterveer,1962-12-26,7,IR,2021-04-30,15,EvyEOosterveer26121962@gmail.com
WO00146,Steven,Scott,1965-09-28,7,IR,2022-11-30,15,Steven_Scott_35@gmail.com
WO00147,Matthew,Bianco-Splann,2005-06-04,7,IR,2019-01-21,15,MatthewBian62005@gmail.com
WO00148,Alexandre,Barbet,1988-08-12,7,UK,2022-08-14,12,Alexandre_Barbet_16@gmail.com
WO00149,Robin,Watts,2001-02-28,7,CA,2025-12-07,19,RobinEWatts2822001@gmail.com
WO00150,Jorge,Lagos,2004-04-08,7,UK,2019-01-29,12,Jorge_Lagos_22@gmail.com
WO00151,Stewart,Todd,1997-09-09,7,UK,2019-08-31,12,StewartTodd91997@gmail.com
WO00152,Brian,Lightbody,1994-04-30,7,CA,2022-08-31,19,BrianLig'sfakemail2009@gmail.com
WO00153,Katie,Bozek,1992-03-26,7,CA,2021-06-05,19,KatieOBozek2631992@gmail.com
WO00154,Adolfo,Ferrando,1978-02-11,7,CA,2024-08-12,19,Adolfo_Ferrando_27@gmail.com
WO00155,Neil,McBain,1996-12-19,7,CA,2025-01-27,19,NeilIMcBain19121996@gmail.com
WO00156,Eliza,Jones,1969-11-30,7,IR,2020-06-17,15,ElizaUJones30111969@gmail.com
WO00157,Piotr,Filas,1986-10-27,7,UK,2020-09-07,12,PiotrFila101986@gmail.com
WO00158,Bailey,Mullins,1965-08-12,7,UK,2025-02-25,12,BaileyUMullins1281965@gmail.com
WO00159,Jose,Soler,1991-07-04,7,IR,2020-06-19,15,Jose_Soler_39@gmail.com
WO00160,Frederic,Fabre,1996-02-22,7,CA,2023-08-20,19,Frederic_Fabre_36@gmail.com
WO00161,Charles,III,1973-11-20,7,IR,2018-07-13,15,CharlesAIII20111973@gmail.com
WO00162,Clara,Krause,1964-02-09,7,IR,2025-01-06,15,Clara_Krause_86@gmail.com
WO00163,Yanping,Liao,1969-06-10,7,IR,2019-04-05,15,Yanping O. Liao 1061969 13@gmail.com
WO00164,Felicia,Berkun,1986-09-25,7,CA,2024-11-30,19,Felicia A. Berkun 2591986 13@gmail.com
WO00165,Alex,Fischer,1980-04-05,7,CA,2021-01-15,19,AlexAFischer541980@gmail.com
WO00166,Michael,Lopatofsky,1993-04-18,7,IR,2018-05-06,15,MichaelULopatofsky1841993@gmail.com
WO00167,Pierre,Girard,1998-02-02,7,UK,2015-03-06,12,PierreGira21998@gmail.com
WO00168,Cofano,Domenico,2002-03-21,7,UK,2016-09-17,12,CofanoDome32002@gmail.com
WO00169,Stephanie,Drullinger,2003-04-06,7,UK,2017-06-12,12,StephanieODrullinger642003@gmail.com
WO00170,Luis,Novaes,2001-03-18,7,CA,2024-01-20,19,Luis_Novaes_56@gmail.com
WO00171,Shannon,Lewis,1962-07-03,7,IR,2021-12-04,15,ShannonLewi71962@gmail.com
WO00172,Lina,Pulgarin,1997-02-08,7,CA,2025-03-19,19,Lina O. Pulgarin 821997 92@gmail.com
WO00173,Antonio,Menarde,1982-03-13,7,CA,2024-09-08,19,Antonio I. Menarde 1331982 62@gmail.com
WO00174,Neria,Levi,1963-12-20,7,IR,2023-11-06,15,NeriaLevi121963@gmail.com
WO00175,Tucker,Piner,1990-06-29,7,UK,2021-12-21,12,TuckerPiner_odyssey_411990@gmail.com
WO00176,Rajindranauth,Prashad,2005-11-25,7,IR,2021-10-20,15,Rajindranauth_Prashad_18@gmail.com
WO00177,Thomas,Cleary,1966-06-18,7,UK,2016-08-10,12,ThomasClea61966@gmail.com
WO00178,Enklajd,Marsela,1972-08-08,7,CA,2024-09-04,19,EnklajdMars81972@gmail.com
WO00179,Maria,Guardia,2002-05-16,7,IR,2020-12-04,15,MariaGuar52002@gmail.com
WO00180,Kasahun,Neselu,1974-07-31,7,IR,2022-10-26,15,KasahunNese71974@gmail.com
WO00181,Chelsea,Tiner,1987-04-14,7,CA,2025-06-07,19,ChelseaETiner1441987@gmail.com
WO00182,Deirdre,Rensburg,1973-10-08,7,UK,2015-08-20,12,DeirdreRens101973@gmail.com
WO00183,Dori,Abramov,1961-11-20,7,UK,2015-02-08,12,Dori_Abramov_96@gmail.com
WO00184,Nicolas,Curti,2006-09-04,7,IR,2019-07-04,15,NicolasCurt92006@gmail.com
WO00185,Vincent,Routiaux,1973-04-04,7,IR,2021-08-07,15,VincentRout41973@gmail.com
WO00186,Michael,Sheehy,1961-08-07,7,CA,2021-06-07,19,Michael_Sheehy_90@gmail.com
WO00187,Emanuel,Paoli,1997-04-28,7,IR,2019-02-23,15,Emanuel_Paoli_47@gmail.com
WO00188,Alexia,Lema,1979-05-21,7,CA,2025-04-27,19,AlexiaELema2151979@gmail.com
WO00189,Robert,Gotterbarn,1974-11-27,7,UK,2021-03-29,12,Robert_Gotterbarn_32@gmail.com
WO00190,Simon,Greenhalgh,1962-07-05,7,CA,2024-11-23,19,Simon I. Greenhalgh 571962 8@gmail.com
WO00191,Marta,Singer,1992-01-21,7,CA,2025-06-06,19,Marta_Singer_75@gmail.com
WO00192,Tonderai,Mutesva,1982-07-14,7,CA,2023-04-07,19,TonderaiEMutesva1471982@gmail.com
WO00193,Steven,Gilman,1980-02-14,7,IR,2025-01-17,15,StevenUGilman1421980@gmail.com
WO00194,Massimiliano,Mocchetti,1997-02-20,7,UK,2019-11-30,12,MassimilianoEMocchetti2021997@gmail.com
WO00195,Aaron,Gonzalez,1985-06-16,7,IR,2023-02-03,15,AaronGonz61985@gmail.com
WO00196,Tomas,Kellner,1988-04-20,7,IR,2019-11-13,15,TomasKell41988@gmail.com
WO00197,Guillaume,Duclos,1997-11-28,7,CA,2020-10-26,19,Guillaume_Duclos_31@gmail.com
WO00198,Cameron,Andrews,1984-09-02,7,IR,2021-10-14,15,Cameron E. Andrews 291984 89@gmail.com
WO00199,Dariusz,Kasperek,1969-01-16,7,UK,2018-03-26,12,Dariusz U. Kasperek 1611969 42@gmail.com
WO00200,Jonathan,Deane,1987-11-10,7,CA,2020-10-11,19,Jonathan U. Deane 10111987 78@gmail.com
WO00201,Rogier,Etman,1990-09-10,7,CA,2025-11-04,19,RogierAEtman1091990@gmail.com
WO00202,Emily,Bell,1995-05-18,7,IR,2021-04-25,15,Emily E. Bell 1851995 73@gmail.com
WO00203,Christopher,Lynch,1977-05-25,7,UK,2020-02-23,12,Christopher_Lynch_22@gmail.com
WO00204,Lourdes,Garcia,1993-12-07,7,UK,2017-01-11,12,Lourdes A. Garcia 7121993 73@gmail.com
WO00205,Tatiana,Giraldo,1971-02-02,7,CA,2023-08-12,19,TatianaGira21971@gmail.com
WO00206,Darmawan,Wardhana,1983-04-25,7,CA,2025-08-25,19,Darmawan1983jedetmail20@gmail.com
WO00207,Michaela,Spinello,1988-05-13,7,UK,2016-06-03,12,MichaelaESpinello1351988@gmail.com
WO00208,Andrea,Toth,1987-06-18,7,IR,2021-09-28,15,AndreaToth61987@gmail.com
WO00209,Michael,Legarto,2006-09-26,7,CA,2021-02-26,19,MichaelLega92006@gmail.com
WO00210,Nicola,Kennedy,2001-06-17,7,UK,2015-03-18,12,NicolaUKennedy1762001@gmail.com
WO00211,Sibel,Canlar,1984-05-11,7,CA,2022-11-18,19,Sibel_Canlar_35@gmail.com
WO00212,Jesse,Moskowitz,1976-11-14,7,IR,2018-07-22,15,Jesse1976jedetmail95@gmail.com
WO00213,Chun,Chan,1994-10-03,7,IR,2017-12-16,15,ChunCha'sfakemail2009@gmail.com
WO00214,Yuting,Zhang,1967-04-18,7,IR,2020-09-23,15,YutingZhan41967@gmail.com
WO00215,Timothy,Marinan,1996-05-25,7,IR,2020-08-19,15,Timothy U. Marinan 2551996 76@gmail.com
WO00216,Carlos,Santos,1972-09-20,7,IR,2023-01-18,15,Carlos_Santos_30@gmail.com
WO00217,Vinil,Shah,2008-02-25,7,CA,2021-05-25,19,VinilShah22008@gmail.com
WO00218,Andreas,Gigon,1965-05-16,7,CA,2022-06-11,19,Andreas_Gigon_19@gmail.com
WO00219,Alison,Rockwell,1983-07-26,7,UK,2018-12-25,12,AlisonRock71983@gmail.com
WO00220,Scott,Truman,1999-03-10,7,UK,2018-10-25,12,ScottTruman_odyssey_671999@gmail.com
WO00221,Jesus,Flores,1977-09-20,7,IR,2018-06-18,15,JesusFlor91977@gmail.com
WO00222,Nick,Deveau,1963-11-13,7,IR,2018-02-22,15,Nick_Deveau_2@gmail.com
WO00223,Meg,Gramza,1994-07-18,7,UK,2023-08-20,12,MegGram71994@gmail.com
WO00224,Meaghan,Baus,1974-12-28,7,CA,2023-07-08,19,MeaghanBaus121974@gmail.com
WO00225,Erin,Spencer,1985-05-17,7,CA,2023-12-11,19,ErinSpen51985@gmail.com
WO00226,Dylan,Mariuzza,2001-05-24,7,CA,2024-06-11,19,DylanMari52001@gmail.com
WO00227,Francesco,Pera,1980-06-12,7,CA,2021-08-09,19,FrancescoEPera1261980@gmail.com
WO00228,Daniel,Gottesmann,2005-03-23,7,CA,2023-03-03,19,DanielGot'sfakemail2020@gmail.com
WO00229,Jaime,Cantarovici,1980-03-12,7,IR,2025-10-10,15,Jaime U. Cantarovici 1231980 36@gmail.com
WO00230,Molly,Walton,1972-07-02,7,IR,2019-08-02,15,Molly_Walton_79@gmail.com
WO00231,Milene,Cantergiani,1989-08-25,7,UK,2026-03-14,12,MileneCan'sfakemail2004@gmail.com
WO00232,Francis,Amaniera,2006-02-21,7,CA,2026-03-16,19,FrancisOAmaniera2122006@gmail.com
WO00233,Nicole,Hawkins,1998-12-05,7,CA,2021-11-10,19,NicoleIHawkins5121998@gmail.com
WO00234,Dannika,Kortscheff,2003-06-04,7,UK,2015-03-03,12,DannikaKort62003@gmail.com
WO00235,Leslie,Cohen,1978-10-06,7,IR,2025-02-05,15,Leslie_Cohen_72@gmail.com
WO00236,Jörgen,Janssenswillen,2001-06-19,7,CA,2025-10-26,19,JörgenEJanssenswillen1962001@gmail.com
WO00237,Eliza,Cervantes,1966-07-14,7,CA,2025-12-15,19,ElizaACervantes1471966@gmail.com
WO00238,Andrew,Miller,1987-12-08,7,IR,2019-02-11,15,Andrew_Miller_50@gmail.com
WO00239,Bergan,Babrowicz,2007-12-22,7,IR,2022-02-09,15,Bergan A. Babrowicz 22122007 42@gmail.com
WO00240,Daphne,Wang,1994-07-10,7,IR,2017-07-24,15,Daphne U. Wang 1071994 99@gmail.com
WO00241,Gabriel,Blazquez,1973-10-26,7,CA,2024-04-17,19,Gabriel O. Blazquez 26101973 29@gmail.com
WO00242,Kierin,Mukerjee,1983-06-21,7,CA,2023-10-08,19,Kierin_Mukerjee_16@gmail.com
WO00243,Francisco,Goncalves,2001-07-10,7,IR,2025-07-07,15,Francisco A. Goncalves 1072001 90@gmail.com
WO00244,Gerard,Luna,1978-02-16,7,IR,2017-11-21,15,Gerard O. Luna 1621978 53@gmail.com
WO00245,Steven,Wengrovitz,1973-10-25,7,UK,2024-03-19,12,StevenIWengrovitz25101973@gmail.com
WO00246,Luca,Rocco,1968-05-29,7,CA,2026-02-21,19,LucaRocco_odyssey_681968@gmail.com
WO00247,Natalia,Larsson,1979-11-25,7,UK,2024-06-15,12,Natalia O. Larsson 25111979 51@gmail.com
WO00248,Duncan,DeFino,1975-09-11,7,CA,2024-11-17,19,DuncanDeFi91975@gmail.com
WO00249,Silvio,Scalvini,1993-04-17,7,CA,2024-10-30,19,SilvioScal41993@gmail.com
WO00250,Shane,Homan,1995-08-18,7,CA,2024-06-04,19,ShaneAHoman1881995@gmail.com
WO00251,Daniel,Goodwin,2000-07-02,7,CA,2023-01-17,19,DanielGood72000@gmail.com
WO00252,Filippo,Finocchiaro,2006-09-03,7,CA,2023-12-13,19,Filippo_Finocchiaro_27@gmail.com
WO00253,Kristen,OLoughlin,1997-04-10,7,IR,2021-03-19,15,KristenOLou41997@gmail.com
WO00254,Francesco,Beghetto,1967-09-08,7,UK,2016-09-06,12,FrancescoBegh91967@gmail.com
WO00255,Mattias,Hargin,2005-08-16,7,UK,2023-12-02,12,MattiasHargin_odyssey_582005@gmail.com
WO00256,Leandro,Dominguez,2001-05-22,7,UK,2015-11-06,12,LeandroDom'sfakemail2016@gmail.com
WO00257,Conor,Griffin,1987-07-15,7,CA,2023-01-14,19,ConorUGriffin1571987@gmail.com
WO00258,James,Davitt,1965-01-22,7,UK,2015-12-24,12,James U. Davitt 2211965 50@gmail.com
WO00259,Sean,Katz,1966-09-17,7,CA,2023-09-30,19,SeanKatz91966@gmail.com
WO00260,Pieter,Saman,2005-09-30,7,CA,2021-05-23,19,Pieter O. Saman 3092005 76@gmail.com
WO00261,Eric,Sachleben,2000-10-15,7,IR,2025-06-23,15,EricSach102000@gmail.com
WO00262,Julien,Muller,2000-02-24,7,IR,2025-06-25,15,JulienMull22000@gmail.com
WO00263,Janine,Willis,1966-02-22,7,IR,2021-09-03,15,Janine E. Willis 2221966 13@gmail.com
WO00264,Carlos,Gamez,1969-08-02,7,CA,2021-06-28,19,CarlosGame81969@gmail.com
WO00265,Mariana,Araripe,1978-10-07,7,IR,2017-06-14,15,Mariana_Araripe_7@gmail.com
WO00266,Alexandre,Flores,1965-07-29,7,IR,2023-06-04,15,Alexandre E. Flores 2971965 64@gmail.com
WO00267,John,Jr,1993-01-27,7,IR,2021-04-01,15,JohnUJr2711993@gmail.com
WO00268,Rashpal,Sahota,1983-01-18,7,IR,2019-09-22,15,RashpalSaho11983@gmail.com
WO00269,Eric,Laska,1966-09-26,7,UK,2018-09-03,12,EricULaska2691966@gmail.com
WO00270,Tim,Loon,1964-11-18,7,UK,2023-02-11,12,Tim E. Loon 18111964 67@gmail.com
WO00271,Alexis,Lallement,1969-11-20,7,UK,2016-03-01,12,Alexis O. Lallement 20111969 90@gmail.com
WO00272,Corey,Slater,2002-02-13,7,UK,2023-03-10,12,CoreySlat22002@gmail.com
WO00273,Anil,Toraty,1988-01-08,7,IR,2023-05-24,15,AnilTora11988@gmail.com
WO00274,Lauren,Clevenger,1982-02-05,7,CA,2023-12-18,19,LaurenClev21982@gmail.com
WO00275,Winston,Minor,1979-04-07,7,CA,2026-03-07,19,WinstonMino41979@gmail.com
WO00276,Sarah,Adler,1975-02-20,7,UK,2024-04-19,12,SarahEAdler2021975@gmail.com
WO00277,Mack,Woodruff,1972-05-25,7,UK,2019-11-21,12,MackWood51972@gmail.com
WO00278,Roberto,Andonegui,1986-12-14,7,IR,2019-08-04,15,Roberto E. Andonegui 14121986 34@gmail.com
WO00279,Jeff,Khoury,1964-02-02,7,CA,2025-12-12,19,JeffKhou21964@gmail.com
WO00280,Hubert,Vega,1989-07-27,7,UK,2024-05-16,12,HubertVega71989@gmail.com
WO00281,Arthur,Ferry,1986-01-31,7,CA,2023-01-07,19,ArthurUFerry3111986@gmail.com
WO00282,Pierrick,Charlot,1977-03-29,7,UK,2025-09-15,12,Pierrick_Charlot_48@gmail.com
WO00283,Anil,Midha,1975-09-29,7,IR,2021-07-07,15,AnilAMidha2991975@gmail.com
WO00284,Hongzhuo,Zhang,1987-08-03,7,IR,2024-08-09,15,Hongzhuo_Zhang_28@gmail.com
WO00285,Allie,Sulaitis,1977-05-18,7,CA,2020-12-06,19,Allie_Sulaitis_40@gmail.com
WO00286,Lauren,Magill,1984-03-23,7,CA,2022-12-14,19,LaurenMagi31984@gmail.com
WO00287,Chris,Graner,1985-01-15,7,UK,2022-05-26,12,ChrisGran11985@gmail.com
WO00288,Julius,Zetzsche,1977-07-09,7,CA,2021-06-11,19,Julius I. Zetzsche 971977 84@gmail.com
WO00289,Stefano,Calore,1992-01-06,7,UK,2025-12-25,12,Stefano_Calore_99@gmail.com
WO00290,Laura,Groudine,1985-12-06,7,UK,2022-06-21,12,Laura_Groudine_9@gmail.com
WO00291,Spencer,Plattner,1976-01-14,7,UK,2019-10-20,12,SpencerPlattner_odyssey_41976@gmail.com
WO00292,MaryKate,Neff,1969-12-30,7,UK,2021-10-29,12,MaryKateNeff_odyssey_51969@gmail.com
WO00293,Chi,Lo,1962-01-07,7,IR,2026-01-31,15,ChiLo11962@gmail.com
WO00294,Harmen,Vermeijden,2000-06-27,7,CA,2023-11-26,19,Harmen_Vermeijden_48@gmail.com
WO00295,Brandon,Rivera,2003-03-31,7,CA,2021-10-14,19,Brandon U. Rivera 3132003 25@gmail.com
WO00296,Geoff,Levy,1984-01-11,7,CA,2024-05-09,19,GeoffLevy11984@gmail.com
WO00297,Mary,Reinhardt,1964-12-29,7,CA,2024-02-21,19,MaryUReinhardt29121964@gmail.com
WO00298,Sean,Jr,2002-04-03,7,CA,2025-04-25,19,SeanJr42002@gmail.com
WO00299,Tommaso,Giaretta,1996-05-14,7,CA,2022-08-06,19,Tommaso_Giaretta_48@gmail.com
WO00300,Jordan,Elliott,2002-03-02,7,UK,2019-03-12,12,Jordan E. Elliott 232002 52@gmail.com
WO00301,Samantha,Masur,2002-03-02,7,CA,2023-12-10,19,SamanthaMasu32002@gmail.com
WO00302,Mark,Thompson,1993-08-05,7,IR,2019-05-26,15,MarkEThompson581993@gmail.com
WO00303,Halley,Georgas,1991-10-10,7,CA,2024-01-21,19,Halley_Georgas_88@gmail.com
WO00304,Patrick,Bulger,1973-09-08,7,CA,2024-08-04,19,PatrickEBulger891973@gmail.com
WO00305,Wolfgang,Schauss,1995-10-16,7,IR,2024-11-15,15,WolfgangScha101995@gmail.com
WO00306,Patricia,Santos,1998-12-28,7,UK,2024-11-09,12,PatriciaASantos28121998@gmail.com
WO00307,Marco,Vertemati,1996-01-03,7,CA,2025-02-07,19,MarcoVert11996@gmail.com
WO00308,Nicholas,Richard,1980-08-04,7,IR,2022-06-19,15,NicholasRich81980@gmail.com
WO00309,Matthew,Brooks,1965-08-04,7,IR,2021-10-09,15,Matthew_Brooks_92@gmail.com
WO00310,Libby,McDyer,1989-05-21,7,UK,2015-04-29,12,LibbyIMcDyer2151989@gmail.com
WO00311,Jordan,Halperin,1988-03-01,7,IR,2023-03-01,15,JordanEHalperin131988@gmail.com
WO00312,Alex,Silva,1970-09-29,7,CA,2021-07-12,19,AlexOSilva2991970@gmail.com
WO00313,João,Gouveia,1965-08-12,7,UK,2016-02-17,12,JoãoAGouveia1281965@gmail.com
WO00314,Stefan,Bjelosevic,1983-12-30,7,IR,2022-07-23,15,Stefan O. Bjelosevic 30121983 67@gmail.com
WO00315,Luis,Recio,1999-04-01,7,UK,2023-02-16,12,Luis_Recio_66@gmail.com
WO00316,Gregory,Smith,2003-01-20,7,UK,2022-02-18,12,Gregory_Smith_62@gmail.com
WO00317,Mhamed,Medaghri,2003-11-02,7,UK,2021-04-18,12,MhamedMedaghri_odyssey_102003@gmail.com
WO00318,Simon,Clerck,1966-02-20,7,UK,2022-10-19,12,SimonCler21966@gmail.com
WO00319,Juan,Guerra,1966-03-02,7,CA,2025-10-05,19,JuanEGuerra231966@gmail.com
WO00320,Abigail,Ingrassia,1999-02-08,7,CA,2020-12-17,19,Abigail_Ingrassia_46@gmail.com
WO00321,Juan,Rivero,1987-09-15,7,UK,2022-02-19,12,Juan_Rivero_95@gmail.com
WO00322,Corentin,Claisse,2006-07-12,7,IR,2022-09-18,15,Corentin U. Claisse 1272006 18@gmail.com
WO00323,Isabelle,Jensen,1977-10-01,7,IR,2020-01-31,15,IsabelleOJensen1101977@gmail.com
WO00324,Reyes,Moreno,1966-11-04,7,CA,2021-12-02,19,ReyesMore111966@gmail.com
WO00325,Grant,Darwin,1989-03-27,7,CA,2023-03-26,19,Grant1989jedetmail5@gmail.com
WO00326,Jim,Mattson,1961-06-14,7,UK,2018-04-23,12,Jim_Mattson_61@gmail.com
WO00327,Catherine,Lambert,1977-04-08,7,UK,2020-08-27,12,CatherineLamb41977@gmail.com
WO00328,Jeffrey,Ruane,2005-09-18,7,IR,2022-12-24,15,JeffreyRuan92005@gmail.com
WO00329,Gary,Ross,1966-10-04,7,CA,2022-05-13,19,GaryRoss101966@gmail.com
WO00330,Elizabeth,Siravo,1972-04-24,7,CA,2021-03-29,19,ElizabethSir'sfakemail1987@gmail.com
WO00331,Austin,Reilly,1993-10-02,7,UK,2023-12-01,12,AustinReil101993@gmail.com
WO00332,Martin,Pereira,1973-06-01,7,CA,2022-12-01,19,Martin O. Pereira 161973 75@gmail.com
WO00333,Mike,Hall,1983-03-06,7,UK,2020-08-18,12,MikeUHall631983@gmail.com
WO00334,Gabriele,Coccia,1989-09-14,7,UK,2018-06-22,12,GabrieleCocc91989@gmail.com
WO00335,Sydney,Ehrhart,1999-10-12,7,UK,2017-09-26,12,Sydney E. Ehrhart 12101999 98@gmail.com
WO00336,Anthony,Gomez,1994-09-22,7,IR,2020-02-23,15,AnthonyGomez_odyssey_721994@gmail.com
WO00337,Jorge,Gonzalez,1985-07-29,7,CA,2022-03-12,19,JorgeGonzalez_odyssey_201985@gmail.com
WO00338,Oscar,Dallagrassa,1968-01-01,7,UK,2018-05-26,12,OscarDall11968@gmail.com
WO00339,Michael,Mozilo,1994-10-21,7,IR,2023-07-18,15,Michael_Mozilo_34@gmail.com
WO00340,Daniele,Oliviero,1988-07-01,7,IR,2020-02-20,15,DanieleIOliviero171988@gmail.com
WO00341,Jordan,Layne,1963-07-24,7,IR,2018-02-27,15,JordanLayn71963@gmail.com
WO00342,Santino,Panico,2000-03-12,7,UK,2016-05-13,12,SantinoIPanico1232000@gmail.com
WO00343,Ockle,Johnson,1978-07-31,7,UK,2024-03-24,12,OckleJohn71978@gmail.com
WO00344,Longchang,Fu,1992-06-13,7,UK,2025-08-02,12,Longchang U. Fu 1361992 47@gmail.com
WO00345,David,Chung,1963-11-07,7,IR,2019-05-25,15,DavidChung_odyssey_201963@gmail.com
WO00346,Michael,Rosca,2003-05-03,7,IR,2023-08-16,15,MichaelRosc52003@gmail.com
WO00347,Emo,Rugene,1981-12-04,7,CA,2024-02-12,19,EmoRuge121981@gmail.com
WO00348,Marc-Antoine,Guidici,1961-09-21,7,UK,2016-12-07,12,Marc-AntoineGuid91961@gmail.com
WO00349,Frank,Pizzo,1967-10-23,7,UK,2023-11-18,12,Frank U. Pizzo 23101967 2@gmail.com
WO00350,Ben,Chertoff,1966-04-30,7,IR,2023-02-21,15,Ben I. Chertoff 3041966 71@gmail.com
WO00351,Antonio,Ditto,1991-03-09,7,IR,2020-07-11,15,Antonio_Ditto_29@gmail.com
WO00352,Ricardo,Oleinski,1997-01-11,7,CA,2025-08-07,19,Ricardo_Oleinski_95@gmail.com
WO00353,Adam,Donoghue,2006-12-29,7,UK,2019-11-11,12,AdamODonoghue29122006@gmail.com
WO00354,Alex,Rodman,1989-12-01,7,CA,2021-08-29,19,AlexRod'sfakemail2004@gmail.com
WO00355,Jorge,Terrazas,1998-09-24,7,UK,2021-06-17,12,Jorge I. Terrazas 2491998 41@gmail.com
WO00356,Adinda,Hahn,1995-01-02,7,UK,2016-09-12,12,AdindaHahn11995@gmail.com
WO00357,Elizabeth,Sheprow,1986-12-18,7,IR,2017-12-29,15,Elizabeth_Sheprow_10@gmail.com
WO00358,Stephen,Vesce,2002-04-09,7,CA,2023-05-03,19,Stephen_Vesce_33@gmail.com
WO00359,Quin,Slott,1975-02-22,7,UK,2022-02-27,12,Quin_Slott_1@gmail.com
WO00360,Jon,Lopez,1966-03-11,7,IR,2025-04-11,15,JonLope31966@gmail.com
WO00361,Tieme,Imamoto,1993-12-08,7,IR,2017-11-14,15,TiemeImam121993@gmail.com
WO00362,Andrew,Shen,1996-09-11,7,UK,2024-02-06,12,Andrew_Shen_26@gmail.com
WO00363,Sasa,Kulic,1992-10-15,7,UK,2018-02-28,12,Sasa_Kulic_98@gmail.com
WO00364,Kenton,Stamey,2004-09-07,7,CA,2020-10-02,19,Kenton A. Stamey 792004 89@gmail.com
WO00365,Kate,Smallberg,1975-08-24,7,CA,2021-04-30,19,Kate O. Smallberg 2481975 31@gmail.com
WO00366,Philip,Shin,1973-03-29,7,CA,2022-12-20,19,PhilipOShin2931973@gmail.com
WO00367,Anne-Laure,Bombart,1962-04-06,7,IR,2025-04-10,15,Anne-LaureBomb41962@gmail.com
WO00368,Adam,Hills,2004-05-28,7,UK,2023-03-29,12,AdamHill52004@gmail.com
WO00369,Taylor,Atkin,1993-03-28,7,UK,2025-05-05,12,Taylor_Atkin_13@gmail.com
WO00370,Harry,Chang,1994-03-18,7,UK,2024-11-01,12,Harry A. Chang 1831994 17@gmail.com
WO00371,Alison,Gelles,1977-03-02,7,IR,2021-08-31,15,AlisonGell31977@gmail.com
WO00372,Alberto,Giuliano,2002-04-25,7,IR,2026-03-02,15,Alberto I. Giuliano 2542002 93@gmail.com
WO00373,Adam,Cesanek,1981-12-21,7,UK,2023-09-22,12,Adam U. Cesanek 21121981 71@gmail.com
WO00374,Frank,III,1964-03-13,7,UK,2016-06-17,12,Frank U. III 1331964 75@gmail.com
WO00375,Aidan,Blake,1976-01-12,7,IR,2025-01-05,15,Aidan_Blake_1@gmail.com
WO00376,Song,Zhong,1974-07-17,7,UK,2020-10-26,12,Song I. Zhong 1771974 15@gmail.com
WO00377,Robert,Fritz,1995-05-17,7,UK,2015-11-15,12,RobertFrit51995@gmail.com
WO00378,Shannon,O’Neill,2002-03-04,7,UK,2021-01-09,12,Shannon O. O’Neill 432002 7@gmail.com
WO00379,Fernando,Vendramin,1992-08-26,7,IR,2024-09-24,15,FernandoVend81992@gmail.com
WO00380,Lance,Sell,1976-08-12,7,CA,2022-04-01,19,LanceISell1281976@gmail.com
WO00381,Jinwook,Jeong,1989-07-10,7,UK,2026-01-16,12,JinwookOJeong1071989@gmail.com
WO00382,Cedric,Carrias,1993-01-19,7,IR,2018-08-06,15,Cedric E. Carrias 1911993 47@gmail.com
WO00383,Giovanni,Gorgoni,1965-07-13,7,UK,2016-08-12,12,GiovanniGorgoni_odyssey_361965@gmail.com
WO00384,Erin,Brewster,1982-11-22,7,UK,2016-06-09,12,ErinBrew111982@gmail.com
WO00385,Willem,Zertuche,2007-10-13,7,UK,2018-10-11,12,Willem_Zertuche_4@gmail.com
WO00386,Andrey,Block,1988-03-03,7,CA,2022-06-30,19,Andrey_Block_47@gmail.com
WO00387,Caryn,Lubetsky,1966-09-15,7,CA,2022-01-22,19,CarynLube91966@gmail.com
WO00388,Elizaveta,Pristupova,1981-03-05,7,IR,2022-02-11,15,ElizavetaAPristupova531981@gmail.com
WO00389,Nicholas,Matzelle,1989-09-29,7,IR,2025-12-25,15,Nicholas O. Matzelle 2991989 2@gmail.com
WO00390,Erlend,Finnseth,1992-08-05,7,CA,2023-02-01,19,Erlend O. Finnseth 581992 99@gmail.com
WO00391,Panagiota,Karathanasi,1983-08-17,7,UK,2019-04-15,12,PanagiotaKara81983@gmail.com
WO00392,Craig,Ortner,1988-07-27,7,IR,2024-05-14,15,CraigOOrtner2771988@gmail.com
WO00393,Macallan,Fox,1992-10-22,7,IR,2025-02-09,15,Macallan O. Fox 22101992 8@gmail.com
WO00394,Dustin,Adams,1996-03-03,7,CA,2023-02-09,19,DustinAAdams331996@gmail.com
WO00395,Cesar,Altamirano,1984-12-31,7,CA,2025-07-20,19,CesarAlta121984@gmail.com
WO00396,Yuerong,Wen,1979-12-19,7,UK,2021-03-12,12,Yuerong E. Wen 19121979 80@gmail.com
WO00397,Hamilton,Merrill,1982-03-22,7,IR,2020-06-16,15,HamiltonMerr31982@gmail.com
WO00398,Kristen,Pedersen,1962-04-25,7,IR,2023-01-11,15,Kristen E. Pedersen 2541962 80@gmail.com
WO00399,Dana,Mackey,1992-07-22,7,UK,2018-05-12,12,DanaAMackey2271992@gmail.com
WO00400,Oliwia,Predenkiewicz,2003-03-08,7,IR,2024-02-14,15,Oliwia_Predenkiewicz_97@gmail.com
WO00401,Marcos,Bravo,1975-04-26,7,UK,2025-04-21,12,Marcos I. Bravo 2641975 50@gmail.com
WO00402,Weijiang,Tang,1962-07-19,7,CA,2021-03-03,19,WeijiangTang71962@gmail.com
WO00403,Mark,Byrne,1967-11-10,7,IR,2020-07-11,15,MarkUByrne10111967@gmail.com
WO00404,Nish,Mani,1997-07-12,7,CA,2021-02-17,19,Nish I. Mani 1271997 7@gmail.com
WO00405,Moriah,Humiston,1991-09-06,7,UK,2017-01-23,12,Moriah I. Humiston 691991 36@gmail.com
WO00406,Miguel,Orgoroso,1992-08-03,7,IR,2020-12-18,15,MiguelOrgo81992@gmail.com
WO00407,Thomas,Woiteshek,1974-05-24,7,CA,2023-03-25,19,ThomasWoit51974@gmail.com
WO00408,Devis,Macaluso,1982-06-08,7,CA,2022-11-10,19,Devis A. Macaluso 861982 26@gmail.com
WO00409,Andrew,Billington,1983-11-11,7,UK,2025-01-19,12,AndrewEBillington11111983@gmail.com
WO00410,Lingyi,Xin,1978-11-12,7,UK,2024-03-28,12,Lingyi_Xin_22@gmail.com
WO00411,Laura,Camargo,1988-11-27,7,UK,2015-02-09,12,Laura E. Camargo 27111988 62@gmail.com
WO00412,Daniel,Torres,1992-02-21,7,IR,2023-05-06,15,Daniel_Torres_61@gmail.com
WO00413,Heather,Benjamin,1974-07-07,7,CA,2024-10-23,19,HeatherBenj71974@gmail.com
WO00414,Christian,Saßl,1977-06-17,7,CA,2022-12-10,19,Christian E. Saßl 1761977 71@gmail.com
WO00415,Kevin,Chen,1973-04-27,7,IR,2021-11-11,15,KevinChen41973@gmail.com
WO00416,Andie,Mulvaney-Thorp,2004-09-06,7,UK,2019-05-22,12,Andie E. Mulvaney-Thorp 692004 24@gmail.com
WO00417,Dario,Pulido,1982-10-12,7,IR,2025-08-31,15,Dario O. Pulido 12101982 59@gmail.com
WO00418,Maddy,Cooper,1999-01-29,7,IR,2021-06-22,15,MaddyCoop11999@gmail.com
WO00419,Jock,Goodrich,2004-02-07,7,IR,2017-07-25,15,JockGoodrich_odyssey_502004@gmail.com
WO00420,Nikki,Weaver,1998-12-16,7,CA,2021-09-08,19,NikkiWeav121998@gmail.com
WO00421,Lisa,Walter,1981-11-02,7,IR,2025-01-11,15,Lisa_Walter_46@gmail.com
WO00422,Mimi,d'Autremont,1977-03-19,7,CA,2023-04-03,19,Mimid'Au31977@gmail.com
WO00423,Lauren,Stahl,1963-03-24,7,CA,2025-07-18,19,Lauren U. Stahl 2431963 47@gmail.com
WO00424,Carmen,Cramer,1995-11-05,7,CA,2025-11-20,19,CarmenCram111995@gmail.com
WO00425,Alastair,Morgan,1984-12-12,7,IR,2023-09-05,15,Alastair A. Morgan 12121984 22@gmail.com
WO00426,Michael,Semeraro,2004-05-13,7,IR,2022-04-01,15,Michael I. Semeraro 1352004 88@gmail.com
WO00427,Arsene,Colarossi,1995-04-12,7,UK,2024-08-16,12,ArseneCola41995@gmail.com
WO00428,Carlos,Reis,1988-05-10,7,CA,2020-12-03,19,CarlosReis51988@gmail.com
WO00429,Tsung-Min,Lee,2003-01-29,7,IR,2024-12-18,15,Tsung-Min_Lee_9@gmail.com
WO00430,Summer,Cartwright,1961-04-23,7,UK,2021-09-15,12,SummerCartwright_odyssey_201961@gmail.com
WO00431,Yoram,Barel,1985-03-31,7,CA,2024-08-22,19,Yoram_Barel_58@gmail.com
WO00432,Sean,McKusick,1998-04-19,7,UK,2019-10-27,12,SeanIMcKusick1941998@gmail.com
WO00433,Jillian,Hawley,1998-09-24,7,UK,2019-05-21,12,JillianIHawley2491998@gmail.com
WO00434,Ann,Hu,1981-09-07,7,IR,2021-06-04,15,Ann_Hu_14@gmail.com
WO00435,Daniel,Lee,2006-10-23,7,IR,2022-01-20,15,Daniel_Lee_85@gmail.com
WO00436,Jeremy,Despreaux,1995-08-13,7,UK,2021-05-19,12,Jeremy_Despreaux_35@gmail.com
WO00437,Patrick,Sempore-Chittaro,1994-03-11,7,IR,2017-12-06,15,PatrickUSempore-Chittaro1131994@gmail.com
WO00438,Nicolas,Rostoker,1979-09-06,7,UK,2017-07-22,12,Nicolas1979jedetmail6@gmail.com
WO00439,Courtney,Thompson,2003-04-10,7,UK,2023-12-09,12,Courtney E. Thompson 1042003 4@gmail.com
WO00440,Oleg,Lee,1965-10-01,7,CA,2022-04-14,19,OlegLee101965@gmail.com
WO00441,Mac,Rivera,1977-12-04,7,UK,2018-01-05,12,MacERivera4121977@gmail.com
WO00442,Kyla,Redgate,1985-01-26,7,UK,2023-10-05,12,Kyla E. Redgate 2611985 71@gmail.com
WO00443,Brittany,Guttieri,1962-12-29,7,UK,2024-03-08,12,BrittanyEGuttieri29121962@gmail.com
WO00444,Matthew,Drake,1988-04-14,7,CA,2022-04-29,19,Matthew A. Drake 1441988 2@gmail.com
WO00445,Jiun-Hung,Chen,1977-06-25,7,UK,2016-06-02,12,Jiun-Hung I. Chen 2561977 95@gmail.com
WO00446,Oleksandr,Kravchuk,1995-04-25,7,CA,2020-10-23,19,OleksandrOKravchuk2541995@gmail.com
WO00447,Maria,Guerra,1985-11-07,7,UK,2021-07-13,12,Maria_Guerra_51@gmail.com
WO00448,Tobias,Schrey,1999-01-22,7,IR,2018-01-26,15,TobiasSch'sfakemail2014@gmail.com
WO00449,Alex,Russo,1996-02-22,7,UK,2025-04-14,12,AlexRuss21996@gmail.com
WO00450,Matthew,Plese,1964-07-09,7,CA,2024-08-30,19,MatthewEPlese971964@gmail.com
WO00451,Daniel,Galvez,2006-01-28,7,UK,2023-11-03,12,Daniel_Galvez_20@gmail.com
WO00452,Carlo,Vincenzi,1995-09-13,7,UK,2018-10-23,12,Carlo_Vincenzi_96@gmail.com
WO00453,Matthew,Nutt,1995-07-29,7,CA,2022-06-09,19,MatthewNutt_odyssey_301995@gmail.com
WO00454,Melissa,Iorio,1968-02-01,7,CA,2024-10-24,19,MelissaIorio_odyssey_371968@gmail.com
WO00455,Alfredo,Alba,1971-04-02,7,IR,2024-10-21,15,Alfredo O. Alba 241971 78@gmail.com
WO00456,Karen,Lee,1998-12-23,7,UK,2019-02-07,12,Karen E. Lee 23121998 14@gmail.com
WO00457,Emma,Cone,1991-02-18,7,CA,2022-12-21,19,EmmaOCone1821991@gmail.com
WO00458,Thierry,Pijourlet,1961-05-02,7,IR,2024-12-13,15,Thierry U. Pijourlet 251961 69@gmail.com
WO00459,Matthew,Restivo,1999-09-02,7,IR,2023-09-02,15,Matthew_Restivo_44@gmail.com
WO00460,Alexa,Larsen,1979-04-28,7,CA,2024-07-18,19,AlexaLars41979@gmail.com
WO00461,Esteban,Miranda,1968-02-01,7,IR,2023-12-09,15,EstebanAMiranda121968@gmail.com
WO00462,Łukasz,Bożek,1965-05-16,7,CA,2020-11-16,19,Łukasz_Bożek_34@gmail.com
WO00463,Natasha,Evans,1968-11-12,7,CA,2021-05-01,19,NatashaEvan111968@gmail.com
WO00464,Kyle,Beauchamp,2007-03-27,7,CA,2023-08-20,19,Kyle_Beauchamp_96@gmail.com
WO00465,Fernando,Scatena,1999-02-05,7,UK,2018-06-06,12,Fernando O. Scatena 521999 79@gmail.com
WO00466,Andrea,McAllister,1961-08-23,7,UK,2025-09-11,12,AndreaIMcAllister2381961@gmail.com
WO00467,Gary,Hacker,1987-10-30,7,UK,2025-04-22,12,Gary I. Hacker 30101987 35@gmail.com
WO00468,Ryan,Cawsey,1980-01-20,7,IR,2021-06-19,15,Ryan A. Cawsey 2011980 98@gmail.com
WO00469,Philipp,Lienemann,2006-02-25,7,UK,2020-12-20,12,PhilippOLienemann2522006@gmail.com
WO00470,Andrew,Ross,2003-03-10,7,UK,2023-01-19,12,AndrewRoss_odyssey_302003@gmail.com
WO00471,Gijsbert,Hopman,1988-02-22,7,IR,2020-03-02,15,GijsbertHopm21988@gmail.com
WO00472,Shinichiro,Shirai,1962-04-26,7,CA,2025-03-27,19,Shinichiro O. Shirai 2641962 2@gmail.com
WO00473,Justin,Zukoff,1962-10-28,7,UK,2018-11-07,12,Justin_Zukoff_71@gmail.com
WO00474,Nathan,Ridelaire,2001-03-23,7,UK,2022-05-26,12,Nathan_Ridelaire_8@gmail.com
WO00475,Michael,Denehy,1986-02-17,7,IR,2023-11-21,15,MichaelDene21986@gmail.com
WO00476,Diego,Saavedra,1966-12-05,7,UK,2025-03-13,12,DiegoOSaavedra5121966@gmail.com
WO00477,Lorenzo,Stirpe,1995-08-23,7,CA,2022-09-07,19,Lorenzo E. Stirpe 2381995 7@gmail.com
WO00478,Matt,Griffo,1964-07-02,7,CA,2023-01-19,19,MattGriffo_odyssey_731964@gmail.com
WO00479,Titouan,Pirlet,2002-03-21,7,CA,2023-12-09,19,Titouan O. Pirlet 2132002 14@gmail.com
WO00480,Timothy,Cunningham,1992-11-06,7,CA,2025-11-09,19,Timothy_Cunningham_44@gmail.com
WO00481,Fabio,Tuccio,1965-08-24,7,CA,2024-05-01,19,FabioATuccio2481965@gmail.com
WO00482,Jeffrey,Geier,1978-05-13,7,CA,2022-05-21,19,JeffreyUGeier1351978@gmail.com
WO00483,Shaun,Osborn,1982-09-22,7,IR,2025-08-27,15,Shaun A. Osborn 2291982 44@gmail.com
WO00484,Heirrick,Su,1986-01-28,7,CA,2022-06-06,19,Heirrick_Su_48@gmail.com
WO00485,Matthew,Dankha,2001-04-12,7,UK,2021-11-12,12,Matthew E. Dankha 1242001 50@gmail.com
WO00486,Ellie,Dunlap,1998-10-03,7,CA,2023-05-30,19,EllieDunl101998@gmail.com
WO00487,Elise,Nesbitt,2002-11-18,7,IR,2023-09-27,15,Elise E. Nesbitt 18112002 64@gmail.com
WO00488,Joan,Cullinane,1977-10-02,7,IR,2025-09-28,15,Joan O. Cullinane 2101977 10@gmail.com
WO00489,Daniel,Rada,1968-11-25,7,UK,2015-06-15,12,Daniel U. Rada 25111968 84@gmail.com
WO00490,Thomas,Henry,1962-06-06,7,IR,2020-04-23,15,Thomas A. Henry 661962 12@gmail.com
WO00491,David,Strauss,1989-11-16,7,UK,2024-04-02,12,David A. Strauss 16111989 6@gmail.com
WO00492,David,Jones,2003-04-13,7,CA,2023-09-27,19,DavidJon'sfakemail2018@gmail.com
WO00493,Rich,Fredrich,1963-10-05,7,CA,2024-02-14,19,Rich O. Fredrich 5101963 31@gmail.com
WO00494,Ron,Ritter,1987-09-17,7,IR,2017-05-26,15,Ron O. Ritter 1791987 28@gmail.com
WO00495,Roseanne,Kennedy,1993-06-23,7,IR,2017-10-22,15,Roseanne_Kennedy_11@gmail.com
WO00496,Sarah,Andres,1969-01-21,7,IR,2024-03-21,15,Sarah A. Andres 2111969 52@gmail.com
WO00497,Samuel,Lane,1977-11-25,7,IR,2019-12-03,15,SamuelLane_odyssey_631977@gmail.com
WO00498,Sean,Rankin,1962-06-28,7,IR,2019-08-03,15,Sean_Rankin_75@gmail.com
WO00499,Jahn,Hoff,1971-10-15,7,UK,2021-12-14,12,Jahn1971jedetmail12@gmail.com
WO00500,Matthieu,Henry,1992-08-30,7,IR,2021-10-27,15,MatthieuHenr81992@gmail.com
